,data_index,cluster
0,89,1
1,107,3
2,173,0
3,183,2
4,10109,1
5,10117,4
6,10119,1
7,10125,3
8,10126,0
9,10135,1
10,10201,3
11,10237,1
12,10239,3
13,10244,3
14,10245,1
15,10249,3
16,10253,3
17,10254,3
18,10267,3
19,10268,1
20,10270,1
21,10272,3
22,10274,4
23,10277,4
24,10285,3
25,10288,1
26,10294,3
27,10296,1
28,10297,3
29,10302,3
30,10304,3
31,10309,3
32,10310,4
33,10313,0
34,10319,2
35,10323,2
36,10336,3
37,10339,1
38,10354,1
39,10356,2
40,10359,3
41,10370,3
42,10384,0
43,10403,0
44,10406,4
45,10415,4
46,10423,3
47,10427,4
48,10428,0
49,10430,1
50,10432,1
51,10438,3
52,10442,1
53,10448,4
54,10449,4
55,10451,0
56,10452,3
57,10458,3
58,10466,2
59,10467,1
60,10495,3
61,10499,1
62,10502,1
63,10515,3
64,10519,4
65,10525,2
66,10527,0
67,10554,2
68,10718,1
69,10724,0
70,10740,3
71,10748,0
72,10778,3
73,10785,0
74,10798,3
75,10802,4
76,10803,3
77,10804,4
78,10816,0
79,10819,3
80,10827,2
81,10830,4
82,10831,0
83,10836,4
84,10846,1
85,10859,3
86,10868,0
87,10874,2
88,10882,3
89,10883,2
90,10884,3
91,10887,0
92,10900,1
93,10918,4
94,10931,3
95,10932,2
96,10934,3
97,10935,3
98,10937,1
99,10938,2
100,10942,1
101,10948,2
102,10956,2
103,10985,4
104,10987,2
105,10992,2
106,10993,4
107,10994,4
108,11011,2
109,11019,3
110,11022,3
111,11024,1
112,11025,1
113,11041,3
114,11043,4
115,11044,2
116,11045,3
117,11050,4
118,11051,1
119,11055,3
120,11062,3
121,11063,3
122,11071,3
123,11077,4
124,11078,2
125,11089,4
126,11137,3
127,11138,4
128,11144,0
129,11148,3
130,11160,2
131,11169,0
132,11177,4
133,11181,0
134,11238,1
135,11240,4
136,11243,1
137,11246,4
138,11252,2
139,11261,1
140,11270,4
141,11271,3
142,11279,2
143,11300,4
144,11307,3
145,11311,3
146,11324,0
147,11331,0
148,11332,4
149,11335,1
150,11340,2
151,11362,1
152,11372,3
153,11374,3
154,11376,4
155,11381,3
156,11390,1
157,11393,3
158,11396,2
159,11409,4
160,11414,3
161,11419,3
162,11431,4
163,11436,1
164,11438,3
165,11439,3
166,11445,1
167,11452,2
168,11455,1
169,11462,0
170,11471,4
171,11478,3
172,11486,1
173,11495,1
174,11501,0
175,11503,1
176,11520,3
177,11535,3
178,11544,3
179,11545,2
180,11548,3
181,11550,1
182,11551,4
183,11555,3
184,11559,3
185,11561,4
186,11562,4
187,11570,4
188,11573,4
189,11588,2
190,11594,3
191,11601,3
192,11602,1
193,11611,3
194,11619,1
195,11624,1
196,11626,4
197,11650,2
198,11652,1
199,11661,2
200,11667,3
201,11685,3
202,11699,4
203,11702,1
204,11703,2
205,11706,3
206,11710,3
207,11715,3
208,11718,3
209,11722,3
210,11726,3
211,11734,3
212,11737,0
213,11766,3
214,11780,2
215,11784,4
216,11785,3
217,11799,3
218,11806,3
219,11811,4
220,11815,1
221,11816,3
222,11841,3
223,11870,3
224,11873,3
225,11877,4
226,11902,3
227,11903,3
228,11908,2
229,11911,1
230,11918,3
231,11938,3
232,11948,3
233,11952,0
234,11959,3
235,11965,3
236,11985,2
237,11996,3
238,11997,3
239,11998,1
240,12009,1
241,12018,3
242,12027,4
243,12058,3
244,12065,3
245,12081,4
246,12102,1
247,12103,0
248,12128,2
249,12133,3
250,12135,3
251,12154,1
252,12171,4
253,12183,2
254,12185,4
255,12192,0
256,12217,1
257,12229,3
258,12230,4
259,12234,1
260,12260,3
261,12318,4
262,12368,3
263,12376,3
264,12377,2
265,12398,1
266,12414,4
267,12423,4
268,12441,3
269,12451,3
270,12453,1
271,12461,3
272,12466,1
273,12468,4
274,12471,3
275,12472,2
276,12473,2
277,12492,3
278,12494,3
279,12500,1
280,12503,1
281,12506,0
282,12507,0
283,12512,1
284,12516,0
285,12526,0
286,12532,1
287,12537,3
288,12544,2
289,12545,1
290,12546,3
291,12548,3
292,12551,0
293,12570,4
294,12575,3
295,12593,4
296,12605,2
297,12632,3
298,12657,3
299,12668,0
300,12672,3
301,12680,3
302,12681,1
303,12702,3
304,12735,3
305,12737,0
306,12747,4
307,12756,3
308,12758,1
309,12762,1
310,12795,1
311,12809,0
312,12817,4
313,12825,2
314,12836,0
315,12856,2
316,12863,3
317,12872,1
318,12898,3
319,12910,3
320,12931,3
321,12943,3
322,13000,4
323,13003,1
324,13007,3
325,13021,3
326,13024,3
327,13035,3
328,13048,3
329,13051,2
330,13054,3
331,13071,3
332,13073,1
333,13081,4
334,13097,3
335,13104,3
336,13123,2
337,13127,4
338,13143,3
339,13144,3
340,13172,0
341,13184,4
342,13185,0
343,13190,0
344,13191,4
345,13199,0
346,13215,1
347,13226,3
348,13253,4
349,13258,4
350,13274,4
351,13318,4
352,13336,4
353,13346,3
354,13362,3
355,13371,4
356,13395,3
357,13397,2
358,13399,3
359,13423,0
360,13427,3
361,13430,1
362,13453,3
363,13459,4
364,13483,4
365,13491,3
366,13533,4
367,13558,3
368,13561,4
369,13562,3
370,13575,3
371,13593,2
372,13619,1
373,13620,3
374,13622,0
375,13623,4
376,13624,1
377,13625,3
378,13640,3
379,13662,4
380,13674,3
381,13689,1
382,13695,3
383,13697,2
384,13698,0
385,13699,4
386,13729,3
387,13745,1
388,13749,4
389,13752,3
390,13761,4
391,13783,3
392,13799,3
393,13811,1
394,13823,3
395,13825,4
396,13831,3
397,13841,4
398,13854,3
399,13856,4
400,13858,0
401,13870,4
402,13877,1
403,13882,3
404,13883,3
405,13900,0
406,13913,0
407,13918,4
408,13959,1
409,13961,4
410,13965,4
411,14004,2
412,14016,3
413,14024,0
414,14028,0
415,14030,3
416,14032,3
417,14049,2
418,14085,1
419,14092,3
420,14093,2
421,14095,4
422,14096,2
423,14098,2
424,14099,3
425,14122,4
426,14132,1
427,14139,3
428,14157,0
429,14158,2
430,14160,2
431,14165,3
432,14169,0
433,14185,1
434,14197,4
435,14202,1
436,14204,4
437,14207,0
438,14209,1
439,14229,2
440,14234,3
441,14237,1
442,14238,0
443,14239,3
444,14240,3
445,14245,1
446,14253,3
447,14270,1
448,14293,3
449,14305,1
450,14318,3
451,14333,1
452,14336,3
453,14342,3
454,14343,0
455,14344,4
456,14366,0
457,14369,2
458,14379,1
459,14381,4
460,14401,3
461,14403,4
462,14407,1
463,14408,3
464,14410,3
465,14419,3
466,14435,3
467,14437,3
468,14451,0
469,14468,3
470,14472,3
471,14473,1
472,14474,3
473,14475,2
474,14483,1
475,14486,3
476,14498,3
477,14522,4
478,14524,3
479,14534,1
480,14536,3
481,14537,4
482,14557,3
483,14559,3
484,14563,3
485,14566,1
486,14592,3
487,14594,4
488,14596,3
489,14600,2
490,14613,1
491,14622,1
492,14635,4
493,14636,3
494,14640,3
495,14643,4
496,14647,3
497,14656,1
498,14658,2
499,14666,1
500,14672,1
501,14676,2
502,14678,3
503,14688,0
504,14694,3
505,14709,1
506,14716,0
507,14730,3
508,14732,3
509,14735,0
510,14796,4
511,14802,2
512,14816,0
513,14828,1
514,14839,3
515,14846,2
516,14853,1
517,14854,1
518,14866,3
519,14885,3
520,14926,2
521,14932,3
522,14938,3
523,14946,3
524,14965,3
525,14978,0
526,14985,4
527,14991,0
528,15026,4
529,15057,3
530,15074,1
531,15079,1
532,15114,1
533,15123,4
534,15126,2
535,15133,3
536,15142,4
537,15163,3
538,15172,3
539,15176,3
540,15182,0
541,15187,3
542,15188,1
543,15195,2
544,15202,0
545,15219,1
546,15220,3
547,15248,1
548,15255,3
549,15258,1
550,15282,2
551,15290,4
552,15315,3
553,15319,3
554,15322,1
555,15339,3
556,15342,3
557,15347,1
558,15363,3
559,15367,3
560,15368,4
561,15380,3
562,15400,3
563,15441,3
564,15442,2
565,15446,4
566,15456,3
567,15460,1
568,15461,1
569,15464,3
570,15476,2
571,15479,2
572,15495,3
573,15526,1
574,15569,3
575,15574,2
576,15578,1
577,15579,2
578,15585,0
579,15628,1
580,15678,2
581,15716,3
582,15718,1
583,15749,3
584,15764,4
585,15768,4
586,15771,2
587,15816,4
588,15827,1
589,15833,3
590,15863,3
591,15879,3
592,15883,2
593,15898,3
594,15903,0
595,15942,4
596,15944,1
597,15971,3
598,16007,4
599,16020,1
600,16022,3
601,16024,2
602,16080,3
603,16085,3
604,16090,3
605,16142,3
606,16201,1
607,16216,3
608,16225,2
609,16233,3
610,16238,3
611,16257,4
612,16273,0
613,16281,4
614,16287,4
615,16293,0
616,16295,1
617,16297,3
618,16307,0
619,16344,2
620,16355,1
621,16371,0
622,16388,4
623,16402,3
624,16407,1
625,16426,3
626,16443,0
627,16448,0
628,16490,3
629,16495,3
630,16508,1
631,16511,1
632,16520,1
633,16522,3
634,16578,3
635,16586,1
636,16608,4
637,16617,3
638,16641,0
639,16647,0
640,16649,3
641,16653,3
642,16659,0
643,16669,0
644,16672,3
645,16677,3
646,16679,3
647,16689,4
648,16692,0
649,16696,4
650,16708,3
651,16710,1
652,16711,1
653,16718,3
654,16720,2
655,16725,2
656,16734,4
657,16741,4
658,16755,3
659,16763,3
660,16772,3
661,16773,1
662,16776,0
663,16778,3
664,16779,1
665,16794,3
666,16795,1
667,16799,3
668,16800,3
669,16802,4
670,16803,1
671,16807,3
672,16808,3
673,16810,3
674,16813,2
675,16814,4
676,16817,3
677,16823,1
678,16842,0
679,16845,3
680,16847,0
681,16848,0
682,16855,1
683,16860,2
684,16876,3
685,16878,3
686,16892,1
687,16895,2
688,16898,1
689,16923,2
690,16936,3
691,16940,3
692,16948,2
693,16949,3
694,16961,3
695,16968,2
696,16970,3
697,16975,0
698,16976,4
699,16979,3
700,16986,3
701,16992,3
702,17009,3
703,17011,3
704,17038,0
705,17039,4
706,17047,4
707,17062,3
708,17064,2
709,17069,2
710,17071,1
711,17073,1
712,17077,3
713,17078,3
714,17087,1
715,17094,3
716,17100,4
717,17116,0
718,17117,4
719,17122,1
720,17136,3
721,17144,3
722,17145,3
723,17151,4
724,17154,4
725,17155,3
726,17167,3
727,17171,1
728,17198,3
729,17199,4
730,17230,2
731,17233,0
732,17242,2
733,17265,4
734,17281,3
735,17288,3
736,17297,3
737,17310,1
738,17347,3
739,17352,3
740,17353,1
741,17376,4
742,17396,2
743,17401,2
744,17434,1
745,17451,0
746,17455,3
747,17456,2
748,17457,3
749,17485,1
750,17518,3
751,17543,1
752,17557,3
753,17573,3
754,17578,1
755,17579,3
756,17582,3
757,17583,1
758,17585,3
759,17586,3
760,17610,1
761,17614,1
762,17615,3
763,17630,2
764,17664,2
765,17689,3
766,17691,3
767,17727,1
768,17728,1
769,17798,3
770,17815,3
771,17841,1
772,17844,3
773,17862,3
774,17865,1
775,17873,4
776,17888,0
777,17904,3
778,17906,4
779,17910,3
780,17916,4
781,17918,3
782,17931,3
783,17935,3
784,17952,3
785,17980,0
786,17983,3
787,17986,3
788,17990,3
789,18021,3
790,18024,1
791,18028,1
792,18045,0
793,18049,0
794,18059,3
795,18060,3
796,18063,4
797,18075,1
798,18076,1
799,18084,1
800,18109,2
801,18117,2
802,18137,3
803,18156,3
804,18164,3
805,18198,3
806,18203,0
807,18261,0
808,18275,2
809,18319,3
810,18326,0
811,18337,2
812,18341,1
813,18353,3
814,18362,3
815,18384,0
816,18391,1
817,18400,3
818,18409,3
819,18410,1
820,18434,3
821,18436,2
822,18441,4
823,18442,0
824,18455,3
825,18477,1
826,18483,3
827,18487,3
828,18508,0
829,18529,1
830,18544,3
831,18549,1
832,18563,4
833,18570,3
834,18575,1
835,18606,1
836,18608,3
837,18614,3
838,18619,4
839,18620,2
840,18648,3
841,18673,3
842,18681,3
843,18700,3
844,18755,3
845,18759,3
846,18766,0
847,18782,4
848,18789,4
849,18794,3
850,18805,0
851,18817,3
852,18830,3
853,18854,3
854,18868,4
855,18878,0
856,18884,3
857,18924,1
858,18939,3
859,18945,4
860,18968,0
861,18974,4
862,18989,3
863,18996,0
864,19009,3
865,19011,3
866,19043,3
867,19058,3
868,19062,1
869,19084,3
870,19131,1
871,19152,3
872,19170,0
873,19187,4
874,19209,3
875,19216,3
876,19220,3
877,19222,4
878,19236,3
879,19239,4
880,19245,4
881,19246,3
882,19250,4
883,19251,1
884,19257,3
885,19263,3
886,19276,3
887,19286,3
888,19287,4
889,19299,3
890,19300,3
891,19302,3
892,19305,1
893,19313,3
894,19314,0
895,19318,2
896,19320,3
897,19329,3
898,19330,3
899,19334,4
900,19339,1
901,19354,3
902,19355,3
903,19369,2
904,19371,3
905,19374,3
906,19391,1
907,19392,3
908,19397,2
909,19406,3
910,19423,0
911,19437,0
912,19447,3
913,19454,3
914,19469,3
915,19478,3
916,19490,4
917,19492,3
918,19496,3
919,19497,1
920,19509,4
921,19522,3
922,19547,3
923,19559,3
924,19592,2
925,19600,3
926,19607,0
927,19633,1
928,19662,3
929,19677,3
930,19687,3
931,19690,1
932,19698,1
933,19702,2
934,19704,4
935,19722,3
936,19760,1
937,19769,4
938,19804,1
939,19854,1
940,19870,3
941,19878,1
942,19891,1
943,19915,2
944,19920,2
945,19948,3
946,19959,3
947,19998,3
948,20025,4
949,20044,3
950,20055,3
951,20065,4
952,20067,3
953,20093,1
954,20094,1
955,20097,0
956,20122,4
957,20128,3
958,20134,3
959,20137,3
960,20147,3
961,20151,3
962,20178,3
963,20201,0
964,20202,1
965,20212,3
966,20213,1
967,20220,1
968,20222,1
969,20227,3
970,20231,3
971,20286,3
972,20304,1
973,20321,3
974,20330,2
975,20382,1
976,20392,1
977,20413,3
978,20421,2
979,20440,3
980,20473,1
981,20494,4
982,20514,3
983,20523,4
984,20530,3
985,20533,1
986,20536,0
987,20544,0
988,20550,2
989,20551,1
990,20573,0
991,20581,4
992,20583,1
993,20585,2
994,20590,3
995,20596,2
996,20600,1
997,20615,1
998,20617,2
999,20630,3
1000,20643,4
1001,20645,4
1002,20660,4
1003,20691,2
1004,20715,1
1005,20737,3
1006,20749,4
1007,20755,3
1008,20807,2
1009,20851,3
1010,20886,3
1011,20892,3
1012,20916,3
1013,20930,3
1014,20937,2
1015,21016,3
1016,21040,4
1017,21046,3
1018,21065,0
1019,21070,3
1020,21075,3
1021,21080,1
1022,21086,4
1023,21089,4
1024,21096,3
1025,21104,1
1026,21105,1
1027,21115,3
1028,21119,4
1029,21128,4
1030,21130,4
1031,21153,2
1032,21169,3
1033,21181,0
1034,21186,1
1035,21188,3
1036,21191,2
1037,21196,3
1038,21197,1
1039,21206,3
1040,21209,0
1041,21212,1
1042,21218,3
1043,21221,0
1044,21222,1
1045,21227,0
1046,21237,0
1047,21285,3
1048,21288,2
1049,21295,4
1050,21297,3
1051,21299,2
1052,21304,1
1053,21311,0
1054,21366,3
1055,21389,3
1056,21392,3
1057,21409,1
1058,21429,2
1059,21434,0
1060,21439,2
1061,21441,3
1062,21444,0
1063,21462,4
1064,21470,3
1065,21477,3
1066,21480,4
1067,21482,1
1068,21486,4
1069,21493,0
1070,21494,1
1071,21498,2
1072,21501,4
1073,21508,1
1074,21531,1
1075,21549,3
1076,21554,4
1077,21578,2
1078,21589,2
1079,21630,3
1080,21633,1
1081,21645,0
1082,21662,0
1083,21664,2
1084,21668,1
1085,21677,2
1086,21693,3
1087,21703,1
1088,21706,4
1089,21723,2
1090,21725,2
1091,21726,4
1092,21740,2
1093,21741,3
1094,21751,4
1095,21754,3
1096,21758,2
1097,21760,1
1098,21768,0
1099,21777,4
1100,21801,1
1101,21804,4
1102,21846,2
1103,21862,3
1104,21863,0
1105,21875,1
1106,21879,1
1107,21900,4
1108,21917,3
1109,21925,1
1110,21930,1
1111,21945,0
1112,21974,3
1113,22026,0
1114,22072,4
1115,22114,4
1116,22136,1
1117,22144,0
1118,22147,3
1119,22152,3
1120,22163,0
1121,22208,2
1122,22209,3
1123,22219,0
1124,22226,0
1125,22241,1
1126,22243,3
1127,22252,2
1128,22260,4
1129,22310,0
1130,22319,3
1131,22329,4
1132,22336,1
1133,22337,0
1134,22340,1
1135,22345,3
1136,22377,3
1137,22380,0
1138,22411,0
1139,22439,0
1140,22440,2
1141,22442,0
1142,22461,4
1143,22472,4
1144,22478,4
1145,22482,3
1146,22487,4
1147,22515,3
1148,22530,3
1149,22578,2
1150,22594,4
1151,22603,3
1152,22612,1
1153,22650,2
1154,22651,0
1155,22656,3
1156,22658,3
1157,22666,3
1158,22675,3
1159,22687,3
1160,22696,3
1161,22700,2
1162,22703,0
1163,22704,2
1164,22709,1
1165,22717,0
1166,22724,3
1167,22736,3
1168,22739,2
1169,22748,1
1170,22759,4
1171,22762,4
1172,22781,3
1173,22785,1
1174,22801,1
1175,22803,4
1176,22807,3
1177,22816,3
1178,22826,1
1179,22833,2
1180,22848,1
1181,22871,1
1182,22872,3
1183,22884,4
1184,22892,0
1185,22901,3
1186,22908,4
1187,22940,3
1188,22946,3
1189,22951,0
1190,22965,0
1191,22973,0
1192,22974,4
1193,22977,1
1194,22980,4
1195,22984,3
1196,22993,3
1197,23005,2
1198,23021,4
1199,23031,0
1200,23035,3
1201,23046,4
1202,23064,0
1203,23092,1
1204,23102,1
1205,23109,1
1206,23114,3
1207,23115,0
1208,23124,1
1209,23127,1
1210,23131,3
1211,23151,1
1212,23157,1
1213,23173,3
1214,23177,3
1215,23187,0
1216,23197,4
1217,23218,3
1218,23229,3
1219,23239,3
1220,23246,3
1221,23277,3
1222,23293,3
1223,23295,3
1224,23324,3
1225,23325,4
1226,23331,4
1227,23347,4
1228,23351,2
1229,23355,3
1230,23357,0
1231,23368,3
1232,23376,3
1233,23378,3
1234,23380,2
1235,23383,3
1236,23386,4
1237,23389,1
1238,23390,3
1239,23393,0
1240,23407,3
1241,23417,3
1242,23419,4
1243,23429,3
1244,23432,3
1245,23433,2
1246,23434,3
1247,23437,4
1248,23458,3
1249,23465,3
1250,23492,4
1251,23504,1
1252,23528,1
1253,23543,3
1254,23546,2
1255,23554,4
1256,23556,0
1257,23594,3
1258,23603,1
1259,23612,3
1260,23613,1
1261,23614,2
1262,23620,3
1263,23626,4
1264,23632,3
1265,23643,3
1266,23644,4
1267,23646,0
1268,23647,3
1269,23648,2
1270,23676,4
1271,23678,1
1272,23679,4
1273,23685,1
1274,23713,1
1275,23726,3
1276,23762,1
1277,23767,3
1278,23770,3
1279,23790,2
1280,23806,3
1281,23809,4
1282,23822,4
1283,23866,0
1284,23867,4
1285,23881,3
1286,23904,3
1287,23905,1
1288,23908,4
1289,23913,1
1290,23918,3
1291,23920,4
1292,23926,4
1293,23940,2
1294,23943,4
1295,23947,4
1296,23949,2
1297,23952,3
1298,23961,3
1299,23979,4
1300,23982,3
1301,23986,1
1302,23987,1
1303,23992,4
1304,23993,3
1305,24000,2
1306,24017,4
1307,24020,1
1308,24042,0
1309,24048,3
1310,24049,1
1311,24050,3
1312,24065,1
1313,24068,0
1314,24073,2
1315,24079,1
1316,24091,1
1317,24099,2
1318,24100,3
1319,24123,0
1320,24187,0
1321,24212,3
1322,24223,0
1323,24227,4
1324,24228,1
1325,24253,3
1326,24256,1
1327,24261,3
1328,24264,2
1329,24272,3
1330,24279,3
1331,24280,1
1332,24285,1
1333,24300,1
1334,24334,3
1335,24351,4
1336,24372,4
1337,24388,0
1338,24393,3
1339,24399,3
1340,24415,4
1341,24433,3
1342,24461,3
1343,24477,3
1344,24481,3
1345,24495,3
1346,24496,0
1347,24512,4
1348,24520,4
1349,24575,3
1350,24591,0
1351,24601,1
1352,24611,3
1353,24629,0
1354,24696,0
1355,24711,3
1356,24787,1
1357,24860,0
1358,24878,1
1359,24922,4
1360,24929,4
1361,24938,3
1362,24963,1
1363,24974,1
1364,24995,3
1365,25002,2
1366,25014,1
1367,25028,0
1368,25038,3
1369,25041,3
1370,25042,1
1371,25045,0
1372,25056,3
1373,25059,3
1374,25062,3
1375,25064,2
1376,25065,0
1377,25077,2
1378,25078,3
1379,25106,4
1380,25112,3
1381,25120,2
1382,25128,3
1383,25137,3
1384,25164,1
1385,25174,3
1386,25186,2
1387,25187,2
1388,25190,3
1389,25199,4
1390,25230,3
1391,25242,0
1392,25245,3
1393,25246,2
1394,25248,3
1395,25253,2
1396,25260,4
1397,25263,3
1398,25300,3
1399,25328,3
1400,25333,1
1401,25344,3
1402,25359,3
1403,25361,4
1404,25368,2
1405,25372,2
1406,25381,1
1407,25382,3
1408,25387,3
1409,25403,2
1410,25408,2
1411,25432,1
1412,25436,4
1413,25439,4
1414,25440,4
1415,25446,2
1416,25453,3
1417,25470,1
1418,25491,2
1419,25493,3
1420,25495,2
1421,25497,2
1422,25521,2
1423,25522,3
1424,25542,0
1425,25543,3
1426,25544,3
1427,25550,3
1428,25562,4
1429,25571,3
1430,25588,1
1431,25600,1
1432,25610,3
1433,25615,1
1434,25619,1
1435,25625,3
1436,25633,3
1437,25635,3
1438,25640,3
1439,25642,3
1440,25648,1
1441,25655,3
1442,25675,3
1443,25676,1
1444,25718,3
1445,25765,0
1446,25770,0
1447,25772,3
1448,25779,1
1449,25793,0
1450,25812,3
1451,25813,3
1452,25839,1
1453,25844,3
1454,25846,3
1455,25847,3
1456,25869,3
1457,25895,3
1458,25898,3
1459,25899,3
1460,25904,0
1461,25917,3
1462,25925,3
1463,25933,3
1464,25936,1
1465,25940,3
1466,25944,3
1467,25949,4
1468,25958,0
1469,25960,3
1470,25968,3
1471,25970,3
1472,25973,1
1473,25986,2
1474,26009,2
1475,26013,3
1476,26019,3
1477,26038,4
1478,26048,4
1479,26052,3
1480,26061,1
1481,26062,2
1482,26069,3
1483,26070,1
1484,26074,3
1485,26076,1
1486,26077,0
1487,26078,3
1488,26097,3
1489,26110,3
1490,26121,3
1491,26138,0
1492,26139,1
1493,26143,3
1494,26146,1
1495,26167,3
1496,26168,3
1497,26170,4
1498,26171,3
1499,26177,3
1500,26178,0
1501,26203,1
1502,26208,0
1503,26214,1
1504,26222,3
1505,26235,1
1506,26240,3
1507,26244,0
1508,26248,3
1509,26249,3
1510,26252,4
1511,26263,1
1512,26267,3
1513,26296,1
1514,26301,3
1515,26302,4
1516,26319,0
1517,26323,4
1518,26326,2
1519,26330,1
1520,26335,4
1521,26346,0
1522,26358,1
1523,26363,0
1524,26367,1
1525,26369,2
1526,26372,1
1527,26378,3
1528,26384,2
1529,26388,0
1530,26391,3
1531,26393,3
1532,26400,3
1533,26401,1
1534,26412,4
1535,26420,4
1536,26440,3
1537,26452,1
1538,26453,2
1539,26454,2
1540,26458,3
1541,26467,3
1542,26474,3
1543,26504,3
1544,26534,4
1545,26552,3
1546,26554,3
1547,26567,2
1548,26570,4
1549,26576,1
1550,26598,4
1551,26600,3
1552,26615,4
1553,26617,0
1554,26623,2
1555,26625,4
1556,26628,2
1557,26634,4
1558,26646,3
1559,26649,2
1560,26653,1
1561,26659,0
1562,26666,0
1563,26668,4
1564,26678,3
1565,26680,4
1566,26681,3
1567,26682,1
1568,26686,3
1569,26703,3
1570,26706,2
1571,26708,3
1572,26711,3
1573,26718,0
1574,26725,4
1575,26740,1
1576,26742,4
1577,26744,3
1578,26746,3
1579,26753,0
1580,26756,4
1581,26757,3
1582,26762,4
1583,26765,3
1584,26766,3
1585,26772,3
1586,26777,3
1587,26797,1
1588,26798,4
1589,26799,3
1590,26828,2
1591,26832,2
1592,26837,0
1593,26864,2
1594,26870,3
1595,26871,2
1596,26875,2
1597,26884,1
1598,26887,3
1599,26889,4
1600,26904,0
1601,26913,3
1602,26923,3
1603,26930,1
1604,26938,3
1605,26940,1
1606,26951,3
1607,26971,3
1608,26975,1
1609,26984,2
1610,26986,0
1611,26992,1
1612,26997,3
1613,27005,4
1614,27014,0
1615,27019,3
1616,27036,3
1617,27056,3
1618,27094,4
1619,27100,3
1620,27105,0
1621,27119,0
1622,27134,1
1623,27136,0
1624,27138,2
1625,27204,3
1626,27216,3
1627,27224,3
1628,27228,1
1629,27244,3
1630,27273,0
1631,27274,0
1632,27305,0
1633,27316,3
1634,27319,3
1635,27343,1
1636,27345,3
1637,27350,0
1638,27353,2
1639,27386,2
1640,27401,3
1641,27429,3
1642,27447,1
1643,27478,1
1644,27510,4
1645,27527,3
1646,27551,3
1647,27558,2
1648,27561,3
1649,27580,1
1650,27586,3
1651,27589,1
1652,27594,3
1653,27616,3
1654,27619,0
1655,27621,4
1656,27623,3
1657,27625,4
1658,27671,4
1659,27696,1
1660,27712,0
1661,27730,1
1662,27739,1
1663,27753,1
1664,27772,3
1665,27777,4
1666,27785,1
1667,27792,3
1668,27793,2
1669,27805,1
1670,27807,3
1671,27825,3
1672,27905,1
1673,27935,3
1674,27939,0
1675,27947,1
1676,27949,0
1677,27952,0
1678,27970,4
1679,27975,1
1680,27982,0
1681,28007,3
1682,28028,1
1683,28040,3
1684,28093,2
1685,28106,1
1686,28142,1
1687,28172,3
1688,28193,3
1689,28194,3
1690,28203,0
1691,28206,4
1692,28214,3
1693,28234,2
1694,28241,3
1695,28254,3
1696,28260,1
1697,28263,3
1698,28267,3
1699,28307,3
1700,28310,0
1701,28350,0
1702,28352,2
1703,28362,2
1704,28365,2
1705,28375,0
1706,28382,3
1707,28397,4
1708,28425,3
1709,28430,3
1710,28433,1
1711,28434,2
1712,28439,1
1713,28445,3
1714,28446,1
1715,28447,1
1716,28448,2
1717,28450,2
1718,28453,1
1719,28459,3
1720,28463,3
1721,28470,4
1722,28478,0
1723,28480,3
1724,28481,1
1725,28488,3
1726,28500,1
1727,28507,1
1728,28514,4
1729,28517,3
1730,28522,2
1731,28525,3
1732,28526,3
1733,28527,4
1734,28531,3
1735,28541,1
1736,28546,3
1737,28548,2
1738,28552,3
1739,28553,4
1740,28581,1
1741,28582,2
1742,28583,1
1743,28590,0
1744,28608,2
1745,28618,4
1746,28625,3
1747,28681,3
1748,28688,1
1749,28689,2
1750,28695,1
1751,28701,4
1752,28706,0
1753,28707,3
1754,28768,3
1755,28781,2
1756,28794,1
1757,28804,4
1758,28805,1
1759,28819,0
1760,28823,3
1761,28826,0
1762,28829,1
1763,28833,2
1764,28838,0
1765,28845,2
1766,28852,3
1767,28853,1
1768,28859,2
1769,28874,2
1770,28883,3
1771,28898,4
1772,28900,3
1773,28919,3
1774,28924,4
1775,28926,2
1776,28934,1
1777,28976,1
1778,28988,3
1779,28990,3
1780,29030,1
1781,29035,4
1782,29036,2
1783,29037,4
1784,29049,1
1785,29060,3
1786,29067,3
1787,29071,4
1788,29103,3
1789,29120,3
1790,29122,4
1791,29129,3
1792,29144,3
1793,29182,3
1794,29183,3
1795,29193,3
1796,29208,1
1797,29209,1
1798,29215,0
1799,29233,3
1800,29236,4
1801,29247,4
1802,29248,1
1803,29251,1
1804,29271,4
1805,29278,3
1806,29318,0
1807,29346,3
1808,29350,1
1809,29377,1
1810,29393,4
1811,29405,1
1812,29407,3
1813,29415,1
1814,29421,3
1815,29437,0
1816,29440,4
1817,29459,3
1818,29467,2
1819,29471,4
1820,29491,2
1821,29495,3
1822,29527,3
1823,29529,3
1824,29533,1
1825,29566,3
1826,29570,3
1827,29577,4
1828,29578,1
1829,29582,3
1830,29585,3
1831,29586,1
1832,29593,3
1833,29595,2
1834,29596,4
1835,29602,3
1836,29606,0
1837,29613,0
1838,29617,0
1839,29618,1
1840,29620,1
1841,29628,0
1842,29630,3
1843,29632,3
1844,29638,1
1845,29640,3
1846,29663,3
1847,29666,2
1848,29672,1
1849,29674,2
1850,29681,1
1851,29688,3
1852,29693,3
1853,29704,4
1854,29705,2
1855,29713,4
1856,29718,2
1857,29721,4
1858,29724,3
1859,29734,3
1860,29737,1
1861,29738,3
1862,29745,3
1863,29753,3
1864,29759,4
1865,29771,1
1866,29772,3
1867,29779,2
1868,29784,4
1869,29791,2
1870,29804,3
1871,29808,4
1872,29813,4
1873,29821,1
1874,29823,3
1875,29826,1
1876,29848,3
1877,29850,1
1878,29852,4
1879,29856,1
1880,29866,1
1881,29880,2
1882,29890,3
1883,29895,1
1884,29897,4
1885,29900,1
1886,29906,2
1887,29936,2
1888,29945,0
1889,29979,1
1890,29982,0
1891,29983,1
1892,30026,0
1893,30028,0
1894,30035,1
1895,30039,4
1896,30041,1
1897,30044,2
1898,30045,3
1899,30061,4
1900,30067,1
1901,30073,2
1902,30082,3
1903,30098,3
1904,30106,3
1905,30109,3
1906,30124,3
1907,30134,3
1908,30147,1
1909,30153,3
1910,30155,1
1911,30165,3
1912,30179,3
1913,30184,3
1914,30189,4
1915,30218,3
1916,30221,2
1917,30262,3
1918,30270,3
1919,30277,2
1920,30291,3
1921,30306,0
1922,30310,2
1923,30341,3
1924,30343,1
1925,30346,3
1926,30348,3
1927,30359,1
1928,30361,3
1929,30367,3
1930,30373,3
1931,30383,4
1932,30388,2
1933,30389,2
1934,30396,4
1935,30407,4
1936,30414,3
1937,30416,0
1938,30425,4
1939,30434,3
1940,30439,3
1941,30442,3
1942,30443,4
1943,30444,3
1944,30449,4
1945,30463,4
1946,30467,0
1947,30471,4
1948,30475,3
1949,30483,4
1950,30488,1
1951,30489,3
1952,30495,1
1953,30531,1
1954,30532,3
1955,30548,3
1956,30551,3
1957,30563,1
1958,30570,1
1959,30573,1
1960,30576,3
1961,30581,3
1962,30582,3
1963,30589,2
1964,30593,0
1965,30595,3
1966,30598,4
1967,30604,3
1968,30606,3
1969,30641,1
1970,30644,3
1971,30654,3
1972,30661,3
1973,30673,3
1974,30690,3
1975,30696,3
1976,30702,3
1977,30706,3
1978,30719,2
1979,30720,4
1980,30721,3
1981,30728,3
1982,30730,2
1983,30731,4
1984,30746,0
1985,30748,1
1986,30754,3
1987,30765,4
1988,30774,3
1989,30783,1
1990,30784,4
1991,30805,4
1992,30811,1
1993,30823,3
1994,30825,4
1995,30842,0
1996,30845,4
1997,30848,3
1998,30850,4
1999,30858,3
2000,30863,1
2001,30881,3
2002,30890,3
2003,30891,0
2004,30913,3
2005,30916,1
2006,30917,3
2007,30929,3
2008,30931,4
2009,30954,2
2010,30963,4
2011,30966,3
2012,30972,3
2013,30981,4
2014,30985,1
2015,30986,3
2016,30997,3
2017,31011,3
2018,31016,3
2019,31032,1
2020,31036,2
2021,31046,0
2022,31049,3
2023,31050,0
2024,31052,1
2025,31060,3
2026,31063,3
2027,31066,3
2028,31070,1
2029,31092,0
2030,31099,4
2031,31103,3
2032,31114,3
2033,31130,3
2034,31134,3
2035,31152,3
2036,31161,3
2037,31179,4
2038,31185,3
2039,31190,4
2040,31191,1
2041,31195,2
2042,31212,0
2043,31215,3
2044,31229,1
2045,31236,3
2046,31241,1
2047,31244,4
2048,31246,3
2049,31297,3
2050,31307,4
2051,31308,0
2052,31314,3
2053,31317,3
2054,31348,2
2055,31358,4
2056,31372,4
2057,31379,3
2058,31383,1
2059,31406,2
2060,31420,2
2061,31430,3
2062,31456,2
2063,31490,1
2064,31505,4
2065,31512,1
2066,31513,3
2067,31548,2
2068,31552,1
2069,31555,1
2070,31573,4
2071,31574,1
2072,31591,4
2073,31597,1
2074,31612,3
2075,31622,1
2076,31631,2
2077,31632,2
2078,31642,4
2079,31651,1
2080,31653,1
2081,31663,3
2082,31667,0
2083,31676,1
2084,31686,2
2085,31693,3
2086,31695,0
2087,31699,3
2088,31701,3
2089,31705,1
2090,31719,3
2091,31720,1
2092,31773,3
2093,31789,2
2094,31798,2
2095,31799,3
2096,31847,0
2097,31853,2
2098,31859,3
2099,31873,1
2100,31875,0
2101,31880,1
2102,31895,1
2103,31904,3
2104,31908,4
2105,31911,3
2106,31919,4
2107,31921,4
2108,31935,3
2109,31950,3
2110,31952,0
2111,31958,1
2112,31969,0
2113,31973,3
2114,31979,0
2115,31984,0
2116,31988,4
2117,31996,1
2118,32004,0
2119,32012,3
2120,32017,3
2121,32025,2
2122,32039,2
2123,32043,2
2124,32046,3
2125,32047,3
2126,32051,3
2127,32055,3
2128,32067,4
2129,32070,1
2130,32076,4
2131,32100,1
2132,32102,1
2133,32106,2
2134,32117,4
2135,32121,3
2136,32132,4
2137,32138,3
2138,32144,3
2139,32153,3
2140,32159,1
2141,32168,3
2142,32174,2
2143,32203,4
2144,32225,4
2145,32229,4
2146,32232,3
2147,32241,4
2148,32242,4
2149,32275,3
2150,32285,4
2151,32290,4
2152,32297,0
2153,32298,0
2154,32330,3
2155,32334,4
2156,32337,4
2157,32343,1
2158,32345,3
2159,32346,3
2160,32369,3
2161,32376,3
2162,32392,2
2163,32426,0
2164,32440,3
2165,32449,0
2166,32451,3
2167,32458,0
2168,32461,0
2169,32475,1
2170,32477,0
2171,32478,3
2172,32484,3
2173,32507,4
2174,32522,3
2175,32638,3
2176,32649,3
2177,32650,3
2178,32685,3
2179,32712,0
2180,32717,3
2181,32718,3
2182,32734,3
2183,32772,1
2184,32791,3
2185,32844,3
2186,32877,3
2187,32939,3
2188,32975,1
2189,33020,4
2190,33033,3
2191,33068,3
2192,33089,4
2193,33140,3
2194,33153,2
2195,33232,4
2196,33259,0
2197,33273,0
2198,33274,4
2199,33294,3
2200,33323,3
2201,33340,3
2202,33348,2
2203,33357,1
2204,33358,3
2205,33394,1
2206,33396,3
2207,33410,3
2208,33424,0
2209,33425,2
2210,33433,4
2211,33450,2
2212,33475,0
2213,33477,3
2214,33503,3
2215,33517,4
2216,33525,0
2217,33527,3
2218,33539,3
2219,33543,3
2220,33559,3
2221,33568,0
2222,33580,2
2223,33595,1
2224,33598,1
2225,33605,1
2226,33611,1
2227,33622,4
2228,33628,3
2229,33632,3
2230,33636,3
2231,33643,4
2232,33646,4
2233,33650,4
2234,33668,3
2235,33676,0
2236,33694,3
2237,33707,3
2238,33735,1
2239,33757,2
2240,33760,1
2241,33786,2
2242,33787,3
2243,33811,4
2244,33812,0
2245,33846,3
2246,33852,0
2247,33856,4
2248,33857,1
2249,33859,3
2250,33861,2
2251,33874,2
2252,33898,3
2253,33914,3
2254,33915,1
2255,33923,4
2256,33925,4
2257,33926,3
2258,33937,3
2259,33941,3
2260,33942,3
2261,33953,1
2262,33973,3
2263,33976,1
2264,33985,3
2265,33990,3
2266,33996,3
2267,33997,3
2268,34048,1
2269,34066,3
2270,34072,3
2271,34075,2
2272,34102,1
2273,34124,0
2274,34134,3
2275,34159,0
2276,34192,0
2277,34216,3
2278,34219,1
2279,34224,3
2280,34225,2
2281,34230,2
2282,34234,3
2283,34237,3
2284,34245,3
2285,34253,4
2286,34263,4
2287,34269,4
2288,34303,2
2289,34308,3
2290,34312,4
2291,34335,3
2292,34358,4
2293,34361,3
2294,34373,3
2295,34375,0
2296,34401,1
2297,34415,3
2298,34419,1
2299,34429,4
2300,34432,3
2301,34433,1
2302,34441,0
2303,34450,2
2304,34463,4
2305,34466,4
2306,34476,3
2307,34489,3
2308,34494,4
2309,34504,3
2310,34508,0
2311,34516,2
2312,34543,3
2313,34545,4
2314,34546,3
2315,34566,4
2316,34583,1
2317,34596,3
2318,34601,3
2319,34622,3
2320,34634,1
2321,34638,3
2322,34641,1
2323,34651,1
2324,34654,4
2325,34658,1
2326,34665,0
2327,34676,1
2328,34685,2
2329,34692,3
2330,34700,4
2331,34706,3
2332,34718,4
2333,34723,3
2334,34725,3
2335,34747,3
2336,34756,3
2337,34758,3
2338,34779,3
2339,34803,3
2340,34807,2
2341,34810,3
2342,34829,1
2343,34840,3
2344,34846,2
2345,34851,4
2346,34857,2
2347,34869,0
2348,34873,4
2349,34874,2
2350,34880,3
2351,34881,3
2352,34887,4
2353,34888,1
2354,34890,3
2355,34892,3
2356,34893,3
2357,34912,0
2358,34915,0
2359,34917,4
2360,34920,3
2361,34938,2
2362,34945,1
2363,34948,2
2364,34953,3
2365,34959,1
2366,34961,3
2367,34975,2
2368,34978,3
2369,34979,1
2370,34980,2
2371,34984,4
2372,34995,4
2373,35008,3
2374,35011,3
2375,35037,3
2376,35062,3
2377,35069,3
2378,35072,3
2379,35073,2
2380,35077,2
2381,35081,3
2382,35091,3
2383,35102,3
2384,35104,2
2385,35128,3
2386,35143,3
2387,35144,0
2388,35147,3
2389,35156,2
2390,35157,3
2391,35168,4
2392,35170,0
2393,35189,3
2394,35198,0
2395,35201,4
2396,35208,4
2397,35218,2
2398,35222,1
2399,35223,3
2400,35228,3
2401,35235,1
2402,35238,4
2403,35239,3
2404,35253,3
2405,35270,4
2406,35271,2
2407,35275,3
2408,35282,4
2409,35288,3
2410,35300,3
2411,35311,2
2412,35323,4
2413,35329,3
2414,35343,3
2415,35353,1
2416,35355,3
2417,35360,1
2418,35369,4
2419,35371,3
2420,35374,2
2421,35375,1
2422,35378,1
2423,35382,1
2424,35405,1
2425,35406,3
2426,35411,3
2427,35425,3
2428,35436,4
2429,35438,1
2430,35443,0
2431,35450,4
2432,35454,3
2433,35456,3
2434,35470,1
2435,35480,3
2436,35482,3
2437,35499,4
2438,35502,3
2439,35518,3
2440,35530,4
2441,35536,0
2442,35546,4
2443,35554,4
2444,35561,2
2445,35566,0
2446,35575,2
2447,35589,0
2448,35611,2
2449,35618,4
2450,35622,0
2451,35633,3
2452,35637,1
2453,35643,0
2454,35654,3
2455,35660,2
2456,35662,3
2457,35706,1
2458,35707,1
2459,35709,2
2460,35711,4
2461,35720,3
2462,35722,3
2463,35724,2
2464,35728,2
2465,35736,3
2466,35743,4
2467,35745,3
2468,35769,4
2469,35786,4
2470,35789,0
2471,35797,4
2472,35808,3
2473,35842,4
2474,35847,3
2475,35851,2
2476,35852,3
2477,35853,4
2478,35869,3
2479,35888,4
2480,35892,1
2481,35913,0
2482,35926,3
2483,35927,4
2484,35931,3
2485,35950,0
2486,35958,1
2487,35971,4
2488,35973,4
2489,35978,3
2490,35990,0
2491,36023,1
2492,36029,4
2493,36034,1
2494,36046,2
2495,36061,3
2496,36071,1
2497,36076,4
2498,36092,2
2499,36099,1
2500,36106,3
2501,36114,1
2502,36122,3
2503,36134,0
2504,36153,3
2505,36154,1
2506,36161,0
2507,36167,3
2508,36187,0
2509,36206,2
2510,36211,3
2511,36221,4
2512,36260,3
2513,36263,1
2514,36267,3
2515,36272,3
2516,36296,0
2517,36301,1
2518,36306,3
2519,36313,1
2520,36333,2
2521,36389,3
2522,36393,3
2523,36396,2
2524,36399,3
2525,36405,2
2526,36410,1
2527,36412,4
2528,36418,3
2529,36424,1
2530,36428,4
2531,36429,2
2532,36457,3
2533,36466,2
2534,36472,1
2535,36477,2
2536,36499,2
2537,36500,0
2538,36504,2
2539,36514,4
2540,36531,1
2541,36539,0
2542,36544,1
2543,36545,2
2544,36550,3
2545,36556,1
2546,36569,3
2547,36571,3
2548,36575,3
2549,36579,1
2550,36580,3
2551,36584,1
2552,36588,3
2553,36602,4
2554,36604,4
2555,36630,4
2556,36633,2
2557,36636,0
2558,36649,3
2559,36653,1
2560,36656,4
2561,36657,3
2562,36659,0
2563,36667,3
2564,36668,4
2565,36679,4
2566,36685,4
2567,36694,1
2568,36701,3
2569,36720,2
2570,36725,3
2571,36742,3
2572,36747,3
2573,36758,0
2574,36769,2
2575,36775,4
2576,36781,3
2577,36782,3
2578,36788,3
2579,36793,3
2580,36805,2
2581,36815,4
2582,36825,3
2583,36843,1
2584,36855,4
2585,36868,4
2586,36876,4
2587,36882,0
2588,36886,3
2589,36891,3
2590,36897,2
2591,36902,4
2592,36907,4
2593,36918,3
2594,36932,3
2595,36937,0
2596,36939,2
2597,36941,2
2598,36956,3
2599,36973,3
2600,36977,3
2601,36991,3
2602,36994,3
2603,36999,3
2604,37013,2
2605,37014,3
2606,37016,2
2607,37018,1
2608,37020,4
2609,37046,3
2610,37063,1
2611,37064,2
2612,37069,3
2613,37091,1
2614,37113,3
2615,37114,3
2616,37127,3
2617,37129,3
2618,37149,3
2619,37158,3
2620,37166,0
2621,37168,3
2622,37182,3
2623,37193,3
2624,37194,2
2625,37233,1
2626,37240,4
2627,37242,3
2628,37248,3
2629,37258,4
2630,37259,3
2631,37304,1
2632,37306,3
2633,37327,1
2634,37329,1
2635,37336,3
2636,37337,1
2637,37354,1
2638,37358,3
2639,37360,4
2640,37370,3
2641,37411,1
2642,37413,4
2643,37417,2
2644,37419,3
2645,37420,4
2646,37435,4
2647,37437,0
2648,37451,3
2649,37487,0
2650,37490,4
2651,37495,3
2652,37502,3
2653,37505,3
2654,37512,2
2655,37516,4
2656,37541,3
2657,37542,3
2658,37551,3
2659,37557,0
2660,37564,2
2661,37573,1
2662,37575,2
2663,37586,1
2664,37590,3
2665,37593,0
2666,37597,3
2667,37605,1
2668,37609,1
2669,37617,2
2670,37624,2
2671,37626,3
2672,37629,3
2673,37631,3
2674,37639,3
2675,37642,3
2676,37654,3
2677,37655,0
2678,37661,0
2679,37690,3
2680,37698,1
2681,37702,3
2682,37709,0
2683,37728,1
2684,37743,3
2685,37745,0
2686,37752,3
2687,37756,3
2688,37764,4
2689,37770,3
2690,37781,3
2691,37809,1
2692,37828,1
2693,37847,4
2694,37864,3
2695,37898,2
2696,37938,1
2697,37945,2
2698,37962,4
2699,37970,4
2700,37988,3
2701,38017,3
2702,38029,4
2703,38034,2
2704,38035,4
2705,38051,1
2706,38055,3
2707,38056,4
2708,38067,1
2709,38075,0
2710,38076,3
2711,38080,1
2712,38088,4
2713,38100,4
2714,38109,4
2715,38127,3
2716,38133,1
2717,38149,0
2718,38151,2
2719,38156,3
2720,38162,3
2721,38170,1
2722,38302,3
2723,38329,3
2724,38331,1
2725,38332,1
2726,38339,3
2727,38340,3
2728,38349,3
2729,38360,2
2730,38398,4
2731,38399,3
2732,38403,0
2733,38436,3
2734,38454,0
2735,38467,3
2736,38469,2
2737,38480,4
2738,38487,4
2739,38488,3
2740,38526,4
2741,38540,4
2742,38545,3
2743,38572,3
2744,38634,0
2745,38650,3
2746,38651,0
2747,38660,1
2748,38668,2
2749,38679,3
2750,38682,1
2751,38687,2
2752,38706,2
2753,38707,3
2754,38708,3
2755,38709,1
2756,38710,3
2757,38718,3
2758,38749,4
2759,38758,4
2760,38761,3
2761,38764,3
2762,38804,4
2763,38823,3
2764,38883,4
2765,38889,1
2766,38891,1
2767,38923,4
2768,38924,3
2769,38929,2
2770,38936,3
2771,38943,3
2772,38950,3
2773,38958,4
2774,38981,3
2775,38985,3
2776,38986,4
2777,38993,3
2778,38994,3
2779,38996,2
2780,38998,1
2781,38999,1
2782,39001,1
2783,39003,3
2784,39004,4
2785,39008,1
2786,39009,4
2787,39011,3
2788,39024,3
2789,39028,1
2790,39032,1
2791,39036,1
2792,39046,3
2793,39047,3
2794,39048,4
2795,39053,3
2796,39056,4
2797,39058,2
2798,39059,4
2799,39061,1
2800,39069,3
2801,39082,3
2802,39088,3
2803,39115,1
2804,39119,4
2805,39120,2
2806,39155,3
2807,39170,3
2808,39173,3
2809,39186,2
2810,39197,4
2811,39209,0
2812,39215,4
2813,39216,2
2814,39218,3
2815,39227,3
2816,39234,4
2817,39246,1
2818,39249,4
2819,39256,4
2820,39258,1
2821,39273,4
2822,39276,4
2823,39286,3
2824,39288,3
2825,39300,1
2826,39304,4
2827,39307,1
2828,39316,3
2829,39326,3
2830,39334,4
2831,39340,0
2832,39347,4
2833,39357,3
2834,39361,3
2835,39364,2
2836,39369,1
2837,39373,3
2838,39381,3
2839,39406,3
2840,39407,0
2841,39410,1
2842,39412,3
2843,39435,1
2844,39441,4
2845,39451,3
2846,39457,4
2847,39482,1
2848,39515,2
2849,39518,3
2850,39519,2
2851,39525,3
2852,39528,2
2853,39529,3
2854,39535,3
2855,39547,3
2856,39563,1
2857,39575,2
2858,39596,3
2859,39599,0
2860,39601,1
2861,39606,3
2862,39616,2
2863,39621,2
2864,39627,4
2865,39638,1
2866,39664,3
2867,39673,2
2868,39675,4
2869,39686,1
2870,39689,1
2871,39699,0
2872,39700,1
2873,39704,4
2874,39718,1
2875,39727,4
2876,39729,0
2877,39731,1
2878,39732,4
2879,39736,4
2880,39738,3
2881,39747,3
2882,39753,4
2883,39758,3
2884,39771,2
2885,39775,4
2886,39789,4
2887,39791,0
2888,39794,3
2889,39797,1
2890,39802,3
2891,39810,1
2892,39815,3
2893,39826,2
2894,39831,1
2895,39834,3
2896,39841,4
2897,39844,3
2898,39862,4
2899,39870,3
2900,39871,4
2901,39895,0
2902,39913,4
2903,39921,3
2904,39924,4
2905,39939,4
2906,39953,4
2907,39956,1
2908,39957,3
2909,39968,4
2910,39973,1
2911,39978,1
2912,39979,1
2913,39982,4
2914,39991,4
2915,39993,3
2916,39994,2
2917,39999,1
2918,40014,2
2919,40025,0
2920,40039,0
2921,40041,4
2922,40042,3
2923,40047,1
2924,40060,1
2925,40061,0
2926,40070,3
2927,40080,0
2928,40094,4
2929,40095,3
2930,40100,3
2931,40101,1
2932,40104,3
2933,40106,3
2934,40108,3
2935,40111,0
2936,40118,2
2937,40120,4
2938,40134,0
2939,40142,4
2940,40144,3
2941,40151,3
2942,40165,4
2943,40171,0
2944,40179,1
2945,40185,3
2946,40196,1
2947,40198,0
2948,40202,1
2949,40204,0
2950,40205,3
2951,40211,1
2952,40218,3
2953,40240,3
2954,40241,1
2955,40242,3
2956,40246,2
2957,40255,3
2958,40261,0
2959,40266,3
2960,40272,3
2961,40290,1
2962,40292,4
2963,40297,4
2964,40302,4
2965,40303,3
2966,40304,4
2967,40306,2
2968,40318,3
2969,40329,4
2970,40334,1
2971,40335,3
2972,40352,3
2973,40361,4
2974,40369,4
2975,40376,4
2976,40380,1
2977,40385,3
2978,40387,3
2979,40388,2
2980,40401,1
2981,40407,3
2982,40413,0
2983,40448,0
2984,40452,3
2985,40455,2
2986,40472,1
2987,40474,2
2988,40493,4
2989,40495,1
2990,40509,1
2991,40510,3
2992,40518,0
2993,40531,3
2994,40533,3
2995,40546,4
2996,40562,0
2997,40574,3
2998,40584,4
2999,40596,2
3000,40598,4
3001,40600,3
3002,40606,3
3003,40621,2
3004,40626,4
3005,40642,3
3006,40647,2
3007,40650,1
3008,40660,4
3009,40666,3
3010,40667,3
3011,40675,2
3012,40686,3
3013,40687,3
3014,40698,3
3015,40701,3
3016,40704,2
3017,40705,3
3018,40710,0
3019,40732,0
3020,40733,3
3021,40747,3
3022,40755,4
3023,40757,3
3024,40773,3
3025,40776,4
3026,40779,0
3027,40794,4
3028,40804,1
3029,40819,1
3030,40820,1
3031,40821,1
3032,40866,0
3033,40870,3
3034,40877,3
3035,40879,3
3036,40891,0
3037,40903,3
3038,40915,3
3039,40919,3
3040,40920,0
3041,40926,2
3042,40935,3
3043,40938,4
3044,40947,4
3045,40954,3
3046,40958,3
3047,40962,3
3048,40972,3
3049,40973,4
3050,40980,4
3051,40986,4
3052,40988,2
3053,41042,4
3054,41059,3
3055,41065,3
3056,41066,2
3057,41075,3
3058,41086,3
3059,41120,3
3060,41122,3
3061,41124,3
3062,41126,0
3063,41133,4
3064,41139,2
3065,41141,3
3066,41142,2
3067,41149,1
3068,41156,2
3069,41162,0
3070,41197,3
3071,41199,3
3072,41200,1
3073,41204,2
3074,41205,0
3075,41211,3
3076,41221,4
3077,41224,3
3078,41233,1
3079,41235,1
3080,41252,4
3081,41257,1
3082,41265,4
3083,41272,3
3084,41281,3
3085,41283,1
3086,41301,4
3087,41326,3
3088,41327,2
3089,41347,3
3090,41348,3
3091,41361,3
3092,41364,2
3093,41367,0
3094,41392,0
3095,41406,4
3096,41409,0
3097,41427,2
3098,41434,3
3099,41437,4
3100,41440,0
3101,41451,3
3102,41455,4
3103,41456,3
3104,41469,1
3105,41478,2
3106,41481,2
3107,41483,3
3108,41485,3
3109,41496,4
3110,41505,2
3111,41511,2
3112,41515,2
3113,41549,3
3114,41552,3
3115,41558,2
3116,41567,3
3117,41585,4
3118,41595,3
3119,41602,0
3120,41603,3
3121,41608,3
3122,41628,3
3123,41633,3
3124,41648,3
3125,41661,0
3126,41674,1
3127,41685,4
3128,41691,3
3129,41694,3
3130,41722,4
3131,41727,3
3132,41733,1
3133,41735,0
3134,41742,4
3135,41744,0
3136,41752,1
3137,41768,3
3138,41810,1
3139,41821,3
3140,41824,2
3141,41825,1
3142,41832,4
3143,41836,3
3144,41837,3
3145,41839,4
3146,41844,2
3147,41848,1
3148,41851,3
3149,41853,1
3150,41860,3
3151,41871,3
3152,41883,3
3153,41888,2
3154,41897,3
3155,41908,3
3156,41912,3
3157,41914,1
3158,41915,3
3159,41927,0
3160,41932,3
3161,41942,4
3162,41943,3
3163,41944,3
3164,41948,3
3165,41949,4
3166,41952,3
3167,41954,3
3168,41956,0
3169,41964,1
3170,41965,3
3171,41967,3
3172,41972,2
3173,41982,1
3174,41987,3
3175,41992,3
3176,41995,3
3177,41997,3
3178,42003,2
3179,42004,4
3180,42026,1
3181,42030,2
3182,42034,3
3183,42037,2
3184,42041,3
3185,42049,3
3186,42050,3
3187,42055,3
3188,42061,3
3189,42063,3
3190,42067,3
3191,42071,4
3192,42072,3
3193,42086,3
3194,42088,4
3195,42096,0
3196,42097,3
3197,42103,4
3198,42106,3
3199,42108,3
3200,42110,0
3201,42125,2
3202,42131,2
3203,42133,0
3204,42135,3
3205,42136,4
3206,42149,3
3207,42152,1
3208,42154,1
3209,42155,0
3210,42157,3
3211,42175,3
3212,42184,3
3213,42187,3
3214,42189,3
3215,42195,0
3216,42200,2
3217,42204,3
3218,42219,1
3219,42224,3
3220,42236,4
3221,42246,3
3222,42249,2
3223,42251,4
3224,42254,4
3225,42258,1
3226,42275,4
3227,42276,1
3228,42285,3
3229,42295,3
3230,42299,3
3231,42301,3
3232,42314,4
3233,42320,3
3234,42326,4
3235,42328,2
3236,42335,4
3237,42338,3
3238,42346,3
3239,42353,3
3240,42364,3
3241,42366,3
3242,42369,3
3243,42378,4
3244,42380,4
3245,42384,1
3246,42387,1
3247,42391,3
3248,42395,1
3249,42402,1
3250,42403,3
3251,42405,3
3252,42409,3
3253,42417,4
3254,42422,4
3255,42427,3
3256,42431,0
3257,42432,1
3258,42433,3
3259,42436,2
3260,42445,2
3261,42447,3
3262,42457,4
3263,42469,3
3264,42474,0
3265,42475,1
3266,42477,0
3267,42480,0
3268,42481,0
3269,42485,2
3270,42487,4
3271,42489,4
3272,42491,2
3273,42501,3
3274,42518,3
3275,42525,4
3276,42534,4
3277,42535,2
3278,42546,3
3279,42547,2
3280,42548,3
3281,42551,3
3282,42557,3
3283,42568,4
3284,42574,3
3285,42580,3
3286,42581,2
3287,42593,1
3288,42595,2
3289,42597,3
3290,42607,3
3291,42612,3
3292,42613,3
3293,42620,3
3294,42621,3
3295,42627,1
3296,42628,4
3297,42632,2
3298,42634,3
3299,42638,3
3300,42641,0
3301,42646,0
3302,42653,3
3303,42656,4
3304,42664,3
3305,42665,4
3306,42666,4
3307,42691,2
3308,42693,1
3309,42695,1
3310,42701,3
3311,42702,3
3312,42706,3
3313,42712,3
3314,42713,3
3315,42731,1
3316,42738,3
3317,42742,3
3318,42744,2
3319,42762,2
3320,42771,2
3321,42777,1
3322,42779,0
3323,42790,1
3324,42792,3
3325,42795,1
3326,42796,1
3327,42802,1
3328,42805,2
3329,42808,3
3330,42823,4
3331,42831,3
3332,42835,1
3333,42843,4
3334,42847,3
3335,42866,3
3336,42867,1
3337,42869,3
3338,42876,3
3339,42879,4
3340,42899,1
3341,42920,3
3342,42924,3
3343,42925,3
3344,42932,0
3345,42933,3
3346,42937,4
3347,42938,3
3348,42951,4
3349,42960,3
3350,42972,4
3351,42979,1
3352,42985,2
3353,42990,3
3354,42991,2
3355,43004,4
3356,43011,4
3357,43013,0
3358,43014,4
3359,43020,3
3360,43028,3
3361,43039,3
3362,43042,4
3363,43044,3
3364,43046,3
3365,43054,4
3366,43057,1
3367,43064,0
3368,43067,3
3369,43068,4
3370,43079,1
3371,43086,3
3372,43092,3
3373,43122,1
3374,43126,1
3375,43127,3
3376,43136,3
3377,43150,1
3378,43151,0
3379,43154,2
3380,43160,3
3381,43169,2
3382,43172,1
3383,43185,3
3384,43186,3
3385,43187,3
3386,43203,3
3387,43206,4
3388,43217,1
3389,43219,3
3390,43223,4
3391,43236,3
3392,43239,4
3393,43248,0
3394,43251,2
3395,43261,3
3396,43262,3
3397,43268,3
3398,43275,3
3399,43288,2
3400,43290,3
3401,43298,4
3402,43317,3
3403,43337,3
3404,43345,3
3405,43380,3
3406,43384,2
3407,43392,3
3408,43398,3
3409,43407,3
3410,43411,2
3411,43416,2
3412,43417,3
3413,43418,3
3414,43427,1
3415,43430,3
3416,43431,1
3417,43436,3
3418,43437,3
3419,43453,3
3420,43459,0
3421,43469,3
3422,43482,4
3423,43486,1
3424,43490,1
3425,43499,3
3426,43516,3
3427,43523,3
3428,43527,3
3429,43528,3
3430,43536,3
3431,43547,3
3432,43550,1
3433,43551,2
3434,43552,3
3435,43553,3
3436,43557,3
3437,43559,4
3438,43560,3
3439,43563,4
3440,43567,3
3441,43568,4
3442,43574,3
3443,43578,4
3444,43584,3
3445,43591,3
3446,43593,2
3447,43604,2
3448,43607,3
3449,43613,2
3450,43620,4
3451,43627,3
3452,43640,3
3453,43645,3
3454,43663,4
3455,43666,3
3456,43670,1
3457,43671,4
3458,43675,4
3459,43685,3
3460,43696,2
3461,43697,2
3462,43699,3
3463,43703,1
3464,43706,3
3465,43709,3
3466,43714,3
3467,43732,3
3468,43737,3
3469,43743,4
3470,43744,4
3471,43748,0
3472,43757,4
3473,43759,2
3474,43767,1
3475,43773,4
3476,43780,3
3477,43782,4
3478,43792,1
3479,43808,3
3480,43811,4
3481,43813,3
3482,43815,3
3483,43818,4
3484,43824,1
3485,43825,3
3486,43828,3
3487,43830,3
3488,43831,0
3489,43832,4
3490,43837,3
3491,43840,3
3492,43850,3
3493,43851,3
3494,43853,3
3495,43859,4
3496,43875,1
3497,43877,3
3498,43891,1
3499,43901,3
3500,43902,3
3501,43903,3
3502,43914,1
3503,43915,4
3504,43931,2
3505,43933,2
3506,43937,3
3507,43945,3
3508,43946,0
3509,43947,3
3510,43949,4
3511,43951,1
3512,43952,4
3513,43965,3
3514,43967,3
3515,43981,1
3516,43983,3
3517,43994,3
3518,44003,3
3519,44007,3
3520,44008,3
3521,44009,4
3522,44016,4
3523,44018,3
3524,44022,4
3525,44031,3
3526,44035,3
3527,44038,0
3528,44042,4
3529,44047,2
3530,44048,3
3531,44065,3
3532,44068,2
3533,44069,2
3534,44076,3
3535,44081,3
3536,44092,1
3537,44098,3
3538,44107,4
3539,44117,1
3540,44121,2
3541,44123,3
3542,44127,4
3543,44129,1
3544,44131,3
3545,44144,2
3546,44148,3
3547,44153,0
3548,44161,3
3549,44167,3
3550,44176,0
3551,44179,3
3552,44185,4
3553,44187,3
3554,44190,3
3555,44194,3
3556,44203,3
3557,44204,3
3558,44209,4
3559,44216,3
3560,44219,4
3561,44222,3
3562,44223,0
3563,44225,3
3564,44231,0
3565,44235,3
3566,44237,3
3567,44241,3
3568,44244,4
3569,44245,3
3570,44260,1
3571,44261,3
3572,44262,4
3573,44263,1
3574,44266,3
3575,44268,3
3576,44270,3
3577,44273,3
3578,44276,4
3579,44279,3
3580,44283,3
3581,44285,2
3582,44286,3
3583,44290,3
3584,44291,3
3585,44293,1
3586,44300,3
3587,44301,0
3588,44303,3
3589,44306,3
3590,44310,0
3591,44313,3
3592,44315,3
3593,44319,3
3594,44320,3
3595,44324,3
3596,44327,0
3597,44331,3
3598,44332,4
3599,44341,3
3600,44343,3
3601,44350,4
3602,44351,4
3603,44352,3
3604,44353,4
3605,44358,3
3606,44359,3
3607,44361,1
3608,44362,4
3609,44364,3
3610,44365,1
3611,44366,3
3612,44368,0
3613,44370,3
3614,44373,3
3615,44376,3
3616,44377,3
3617,44379,3
3618,44380,3
3619,44382,3
3620,44384,3
3621,44387,3
3622,44389,0
3623,44391,4
3624,44392,3
3625,44394,3
3626,44395,0
3627,44398,0
3628,44401,3
3629,44402,0
3630,44411,4
3631,44419,1
3632,44424,3
3633,44426,0
3634,44428,3
3635,44432,3
3636,44438,0
3637,44443,3
3638,44448,3
3639,44449,3
3640,44453,4
3641,44460,3
3642,44465,4
3643,44470,3
3644,44471,4
3645,44472,3
3646,44474,3
3647,44476,3
3648,44480,3
3649,44486,1
3650,44489,4
3651,44495,4
3652,44500,2
3653,44503,4
3654,44507,4
3655,44509,3
3656,44510,4
3657,44514,3
3658,44516,3
3659,44529,3
3660,44530,4
3661,44531,3
3662,44534,1
3663,44535,3
3664,44537,3
3665,44538,2
3666,44543,4
3667,44544,4
3668,44551,4
3669,44553,4
3670,44554,3
3671,44555,2
3672,44557,3
3673,44561,2
3674,44563,3
3675,44564,3
3676,44565,3
3677,44566,4
3678,44568,4
3679,44571,3
3680,44573,4
3681,44579,3
3682,44580,3
3683,44583,3
3684,44585,4
3685,44587,4
3686,44589,3
3687,44590,3
3688,44595,3
3689,44596,3
3690,44600,4
3691,44601,1
3692,44602,3
3693,44604,3
3694,44606,1
3695,44607,3
3696,44610,2
3697,44612,3
3698,44613,3
3699,44615,4
3700,44621,3
3701,44624,3
3702,44625,4
3703,44626,3
3704,44634,3
3705,44635,4
3706,44638,3
3707,44648,3
3708,44652,3
3709,44653,4
3710,44654,4
3711,44655,4
3712,44656,3
3713,44661,4
3714,44662,4
3715,44665,3
3716,44666,3
3717,44667,4
3718,44668,4
3719,44669,3
3720,44671,4
3721,44672,4
3722,44675,4
3723,44677,2
3724,44678,4
3725,44679,3
3726,44683,3
3727,44685,4
3728,44691,2
3729,44692,3
3730,44693,3
3731,44694,4
3732,44702,3
3733,44704,4
3734,44709,3
3735,44711,4
3736,44712,4
3737,44713,4
3738,44715,4
3739,44716,3
3740,44717,2
3741,44723,3
3742,44724,3
3743,44725,2
3744,44729,4
3745,44730,4
3746,44739,2
3747,44740,4
3748,44741,3
3749,44747,4
3750,44750,1
3751,44752,3
3752,44753,3
3753,44755,3
3754,44756,3
3755,44759,3
3756,44760,3
3757,44761,1
3758,44762,3
3759,44766,1
3760,44767,3
3761,44770,4
3762,44772,4
3763,44775,2
3764,44776,1
3765,44777,3
3766,44781,3
3767,44785,3
3768,44789,3
3769,44791,3
3770,44792,4
3771,44794,2
3772,44795,3
3773,44796,3
3774,44797,3
3775,44798,3
3776,44799,3
3777,44800,4
3778,44802,2
3779,44812,4
3780,44813,4
3781,44817,3
3782,44818,4
3783,44824,2
3784,44827,4
3785,44830,3
3786,44839,3
3787,44841,2
3788,44842,2
3789,44843,4
3790,44844,4
3791,44845,3
3792,44847,2
3793,44854,2
3794,44855,3
3795,44859,2
3796,44861,3
3797,44871,3
3798,44872,3
3799,44876,2
3800,44879,3
3801,44882,3
3802,44884,3
3803,44889,3
3804,44891,3
3805,44894,3
3806,44895,3
3807,44901,2
3808,44903,3
3809,44915,2
3810,44917,3
3811,44922,3
3812,44924,2
3813,44935,2
3814,44937,3
3815,44938,2
3816,44939,2
3817,44945,2
3818,44950,3
3819,44957,3
3820,44961,2
3821,44963,2
3822,44966,3
3823,44968,3
3824,44972,3
3825,44984,3
3826,44985,3
3827,44988,3
3828,44989,3
3829,44997,3
3830,45000,3
3831,45002,2
3832,45005,2
3833,45010,2
3834,45018,3
3835,45022,3
3836,45023,3
3837,45026,2
3838,45035,3
3839,45039,2
3840,45041,2
3841,45047,3
3842,45051,2
3843,45052,3
3844,45054,3
3845,45061,3
3846,45062,3
3847,45067,2
3848,45068,2
3849,45072,3
3850,45076,2
3851,45077,3
3852,45079,2
3853,45089,3
3854,45090,3
3855,45092,3
3856,45093,2
3857,45096,3
3858,45101,3
3859,45102,3
3860,45105,2
3861,45108,3
3862,45111,2
3863,45116,3
3864,45118,3
3865,45120,2
3866,45131,3
3867,45136,3
3868,45138,3
3869,45144,3
3870,45145,3
3871,45149,2
3872,45150,3
3873,45151,3
3874,45157,3
3875,45159,2
3876,45171,3
3877,45177,3
3878,45180,3
3879,45182,3
3880,45186,2
3881,45193,3
3882,45195,2
3883,45196,3
3884,45202,3
3885,45203,2
3886,45204,2
3887,45207,2
3888,45210,3
3889,45211,3
3890,45214,3
3891,45215,3
3892,45216,2
3893,45218,2
3894,45219,2
3895,45222,3
3896,45225,2
3897,45226,3
3898,45228,2
3899,45229,3
3900,45230,3
3901,45231,3
3902,45238,3
3903,45239,3
3904,45243,3
3905,45246,3
3906,45249,2
3907,45250,3
3908,45257,2
3909,45261,2
3910,45262,2
3911,45266,3
3912,45267,3
3913,45273,3
3914,45280,3
3915,45284,3
3916,45289,3
3917,45290,2
3918,45293,3
3919,45294,3
3920,45295,2
3921,45296,3
3922,45297,3
3923,45301,3
3924,45302,2
3925,45304,2
3926,45310,3
3927,45311,2
3928,45313,3
3929,45315,2
3930,45317,3
3931,45321,2
3932,45329,3
3933,45339,3
3934,45341,3
3935,45344,3
3936,45346,2
3937,45347,3
3938,45348,3
3939,45351,2
3940,45355,3
3941,45357,2
3942,45359,3
3943,45360,2
3944,45362,3
3945,45363,2
3946,45365,2
3947,45366,2
3948,45370,3
3949,45371,3
3950,45375,2
3951,45378,3
3952,45380,3
3953,45381,3
3954,45382,2
3955,45385,3
3956,45386,2
3957,45387,3
3958,45393,3
3959,45396,3
3960,45400,3
3961,45402,2
3962,45404,3
3963,45406,3
3964,45410,2
3965,45415,3
3966,45416,2
3967,45417,3
3968,45418,3
3969,45419,2
3970,45421,3
3971,45422,2
3972,45425,2
3973,45426,3
3974,45431,2
3975,45437,3
3976,45442,2
3977,45443,2
3978,45446,3
3979,45447,3
3980,45449,3
3981,45454,3
3982,45455,3
3983,45458,3
3984,45459,3
3985,45461,3
3986,45462,3
3987,45463,3
3988,45467,3
3989,45469,3
3990,45472,2
3991,45473,3
3992,45475,3
3993,45477,3
3994,45478,3
3995,45483,3
3996,45488,3
3997,45490,2
3998,45494,3
3999,45496,3
4000,45501,3
4001,45508,3
4002,45513,3
4003,45515,3
4004,45520,3
4005,45527,3
4006,45528,3
4007,45531,3
4008,45532,3
4009,45534,3
4010,45539,3
4011,45540,3
4012,45544,3
4013,45547,3
4014,45551,3
4015,45553,3
4016,45558,3
4017,45563,3
4018,45570,3
4019,45573,3
4020,45575,3
4021,45578,3
4022,45582,3
4023,45585,3
4024,45586,3
4025,45588,3
4026,45592,3
4027,45593,2
4028,45597,3
4029,45603,3
4030,45605,3
4031,45611,3
4032,45618,3
4033,45630,2
4034,45632,3
4035,45637,3
4036,45644,3
4037,45646,3
4038,45650,3
4039,45652,3
4040,45653,3
4041,45655,3
4042,45661,3
4043,45662,3
4044,45666,3
4045,45669,3
4046,45672,3
4047,45674,3
4048,45677,3
4049,45681,3
4050,45683,3
4051,45684,2
4052,45686,3
4053,45687,3
4054,45688,3
4055,45689,3
4056,45695,3
4057,45701,3
4058,45703,3
4059,45707,3
4060,45711,2
4061,45720,3
4062,45722,3
4063,45723,3
4064,45724,3
4065,45728,3
4066,45729,3
4067,45741,3
4068,45743,3
4069,45746,2
4070,45747,3
4071,45749,3
4072,45753,3
4073,45754,3
4074,45756,3
4075,45764,3
4076,45765,3
4077,45766,3
4078,45767,3
4079,45769,3
4080,45770,3
4081,45771,3
4082,45777,3
4083,45781,3
4084,45784,3
4085,45787,3
4086,45798,3
4087,45800,3
4088,45805,3
4089,45809,3
4090,45810,3
4091,45811,2
4092,45812,3
4093,45819,3
4094,45820,3
4095,45821,3
4096,45826,3
4097,45828,3
4098,45832,3
4099,45833,3
4100,45835,3
4101,45843,3
4102,45845,3
4103,45847,3
4104,45849,3
4105,45850,3
4106,45852,3
4107,45856,3
4108,45857,3
4109,45861,3
4110,45863,3
4111,45864,3
4112,45867,3
4113,45868,3
4114,45872,3
4115,45873,3
4116,45874,3
4117,45878,3
4118,45882,3
4119,45884,3
4120,45886,3
4121,45889,3
4122,45890,3
4123,45911,3
4124,45913,3
4125,45920,3
4126,45927,3
4127,45930,3
4128,45932,3
4129,45933,3
4130,45935,3
4131,45939,3
4132,45941,3
4133,45942,3
4134,45944,3
4135,45946,3
4136,45947,3
4137,45958,3
4138,45959,3
4139,45962,3
4140,45963,3
4141,45964,3
4142,45965,3
4143,45966,3
4144,45967,3
4145,45974,3
4146,45981,3
4147,45983,3
4148,45991,3
4149,45995,3
4150,45997,3
4151,45999,3
4152,46002,3
4153,46005,3
4154,46012,3
4155,46018,3
4156,46019,3
4157,46020,3
4158,46025,3
4159,46026,3
4160,46031,3
4161,46042,3
4162,46046,3
4163,46047,3
4164,46048,3
4165,46050,3
4166,46055,3
4167,46057,3
4168,46058,3
4169,46060,3
4170,46065,3
4171,46067,3
4172,46068,3
4173,46070,3
4174,46071,3
4175,46073,3
4176,46074,3
4177,46077,3
4178,46083,3
4179,46085,3
4180,46086,3
4181,46088,3
4182,46090,3
4183,46093,3
4184,46102,3
4185,46110,3
4186,46119,3
4187,46121,3
4188,46123,3
4189,46124,3
4190,46129,3
4191,46130,3
4192,46135,3
4193,46139,3
4194,46140,3
4195,46144,3
4196,46147,3
4197,46154,3
4198,46161,3
4199,46164,3
4200,46165,3
4201,46166,3
4202,46169,3
4203,46172,3
4204,46181,3
4205,46188,3
4206,46192,3
4207,46195,3
4208,46202,3
4209,46206,3
4210,46209,3
4211,46217,3
4212,46224,3
4213,46226,3
4214,46227,3
4215,46228,3
4216,46229,3
4217,46231,3
4218,46237,3
4219,46239,3
4220,46249,3
4221,46252,3
4222,46255,3
4223,46264,3
4224,46267,3
4225,46270,3
4226,46275,3
4227,46281,3
4228,46291,3
4229,46300,3
4230,46305,3
4231,46308,3
4232,46311,3
4233,46312,3
4234,46317,3
4235,46318,3
4236,46319,3
4237,46320,3
4238,46321,3
4239,46324,3
4240,46325,3
4241,46327,3
4242,46328,3
4243,46334,3
4244,46335,3
4245,46336,3
4246,46338,3
4247,46339,3
4248,46347,3
4249,46349,3
4250,46350,3
4251,46351,3
4252,46352,3
4253,46357,3
4254,46358,3
4255,46359,3
4256,46361,3
4257,46366,3
4258,46367,3
4259,46369,3
4260,46370,3
4261,46373,3
4262,46374,3
4263,46376,3
4264,46378,3
4265,46379,3
4266,46382,3
4267,46384,3
4268,46386,3
4269,46387,3
4270,46389,3
4271,46390,3
4272,46391,3
4273,46392,3
4274,46393,3
4275,46394,3
4276,46395,3
4277,46399,3
4278,46400,3
4279,46401,3
4280,46403,3
4281,46405,3
4282,46407,3
4283,46408,3
4284,46409,3
4285,46410,3
4286,46413,3
4287,46414,3
4288,46416,3
4289,46417,3
4290,46419,3
4291,46420,3
4292,46421,3
4293,46425,3
4294,46426,3
4295,46427,3
4296,46428,3
4297,46434,3
4298,46436,3
4299,46438,3
4300,46439,3
4301,46441,3
4302,46442,3
4303,46445,3
4304,46449,3
4305,46450,3
4306,46455,3
4307,46456,3
4308,46457,3
4309,46458,3
4310,46459,3
4311,46461,3
4312,46463,3
4313,46470,3
4314,46475,3
4315,46476,3
4316,46479,3
4317,46481,3
4318,46484,3
4319,46485,3
4320,46487,3
4321,46489,3
4322,46490,3
4323,46491,3
4324,46492,3
4325,46493,3
4326,46494,3
4327,46496,3
4328,46502,3
4329,46503,3
4330,46505,3
4331,46506,3
4332,46510,3
4333,46511,3
4334,46518,3
4335,46522,3
4336,46527,3
4337,46533,3
4338,46534,3
4339,46538,3
4340,46541,3
4341,46543,3
4342,46545,3
4343,46546,3
4344,46547,3
4345,46548,3
4346,46551,3
4347,46553,3
4348,46557,3
4349,46558,3
4350,46561,3
4351,46563,3
4352,46566,3
4353,46568,3
4354,46571,3
4355,46573,3
4356,46576,3
4357,46578,3
4358,46582,3
4359,46587,3
4360,46589,3
4361,46593,3
4362,46600,3
4363,46608,3
4364,46611,3
4365,46615,3
4366,46618,3
4367,46623,3
4368,46625,3
4369,46627,3
4370,46633,3
4371,46635,3
4372,46638,3
4373,46639,3
4374,46643,3
4375,46644,3
4376,46647,3
4377,46648,3
4378,46653,3
4379,46658,3
4380,46660,3
4381,46661,3
4382,46665,3
4383,46666,3
4384,46668,3
4385,46669,3
4386,46670,3
4387,46673,3
4388,46674,3
4389,46676,3
4390,46686,3
4391,46687,3
4392,46691,3
4393,46692,3
4394,46696,3
4395,46702,3
4396,46705,3
4397,46707,3
4398,46708,3
4399,46710,3
4400,46712,3
4401,46714,3
4402,46715,3
4403,46717,3
4404,46720,3
4405,46721,3
4406,46728,3
4407,46730,3
4408,46732,3
4409,46740,3
4410,46743,3
4411,46745,3
4412,46749,3
4413,46752,3
4414,46756,3
4415,46760,3
4416,46761,3
4417,46762,3
4418,46768,3
4419,46778,3
4420,46779,3
4421,46785,3
4422,46786,3
4423,46796,3
4424,46799,3
4425,46804,3
4426,46805,3
4427,46810,3
4428,46815,3
4429,46816,3
4430,46817,3
4431,46823,3
4432,46824,3
4433,46825,3
4434,46829,3
4435,46830,3
4436,46832,3
4437,46833,3
4438,46834,3
4439,46840,3
4440,46844,3
4441,46847,3
4442,46853,3
4443,46854,3
4444,46861,3
4445,46864,3
4446,46865,3
4447,46870,3
4448,46873,3
4449,46878,3
4450,46880,3
4451,46882,3
4452,46886,3
4453,46887,3
4454,46895,3
4455,46900,3
4456,46903,3
4457,46906,3
4458,46911,3
4459,46916,3
4460,46920,3
4461,46921,3
4462,46934,3
4463,46937,3
4464,46940,3
4465,46946,3
4466,46947,3
4467,46948,3
4468,46963,3
4469,46964,3
4470,46966,3
4471,46968,3
4472,46984,3
4473,46986,3
4474,46988,3
4475,46992,3
4476,46993,3
4477,46994,3
4478,46999,3
4479,47001,3
4480,47002,3
4481,47009,3
4482,47018,3
4483,47019,3
4484,47022,3
4485,47031,3
4486,47032,3
4487,47033,3
4488,47035,3
4489,47043,3
4490,47044,3
4491,47045,3
4492,47047,3
4493,47054,3
4494,47057,3
4495,47058,3
4496,47059,3
4497,47067,3
4498,47068,3
4499,47073,3
4500,47074,3
4501,47077,3
4502,47078,3
4503,47080,3
4504,47084,3
4505,47087,3
4506,47088,3
4507,47111,3
4508,47112,3
4509,47114,3
4510,47115,3
4511,47116,3
4512,47129,3
