,Users_ID,Clusters
0,89,5
1,107,3
2,173,2
3,183,10
4,10109,6
5,10117,2
6,10119,8
7,10125,3
8,10126,1
9,10135,5
10,10201,3
11,10237,8
12,10239,4
13,10244,9
14,10245,2
15,10249,10
16,10253,3
17,10254,3
18,10267,3
19,10268,8
20,10270,5
21,10272,7
22,10274,1
23,10277,6
24,10285,1
25,10288,5
26,10294,1
27,10296,8
28,10297,10
29,10302,9
30,10304,3
31,10309,10
32,10310,2
33,10313,3
34,10319,3
35,10323,7
36,10336,10
37,10339,8
38,10354,2
39,10356,3
40,10359,10
41,10370,10
42,10384,9
43,10403,5
44,10406,2
45,10415,4
46,10423,3
47,10427,2
48,10428,5
49,10430,8
50,10432,8
51,10438,3
52,10442,8
53,10448,1
54,10449,4
55,10451,1
56,10452,1
57,10458,3
58,10466,3
59,10467,8
60,10495,10
61,10499,8
62,10502,2
63,10515,3
64,10519,6
65,10525,7
66,10527,3
67,10554,7
68,10718,5
69,10724,6
70,10740,3
71,10748,1
72,10778,3
73,10785,1
74,10798,10
75,10802,2
76,10803,3
77,10804,1
78,10816,1
79,10819,3
80,10827,3
81,10830,6
82,10831,7
83,10836,6
84,10846,8
85,10859,1
86,10868,1
87,10874,3
88,10882,9
89,10883,7
90,10884,3
91,10887,4
92,10900,8
93,10918,6
94,10931,10
95,10932,7
96,10934,1
97,10935,7
98,10937,1
99,10938,7
100,10942,8
101,10948,7
102,10956,9
103,10985,6
104,10987,10
105,10992,7
106,10993,2
107,10994,2
108,11011,7
109,11019,7
110,11022,3
111,11024,8
112,11025,5
113,11041,3
114,11043,2
115,11044,2
116,11045,3
117,11050,4
118,11051,5
119,11055,3
120,11062,9
121,11063,10
122,11071,1
123,11077,4
124,11078,7
125,11089,2
126,11137,10
127,11138,4
128,11144,2
129,11148,7
130,11160,7
131,11169,9
132,11177,6
133,11181,2
134,11238,8
135,11240,6
136,11243,5
137,11246,6
138,11252,3
139,11261,4
140,11270,2
141,11271,3
142,11279,7
143,11300,6
144,11307,9
145,11311,7
146,11324,7
147,11331,10
148,11332,2
149,11335,8
150,11340,7
151,11362,8
152,11372,1
153,11374,3
154,11376,4
155,11381,10
156,11390,8
157,11393,4
158,11396,7
159,11409,4
160,11414,10
161,11419,9
162,11431,4
163,11436,8
164,11438,3
165,11439,10
166,11445,6
167,11452,7
168,11455,2
169,11462,1
170,11471,2
171,11478,4
172,11486,8
173,11495,8
174,11501,5
175,11503,5
176,11520,7
177,11535,7
178,11544,10
179,11545,7
180,11548,1
181,11550,8
182,11551,2
183,11555,7
184,11559,3
185,11561,6
186,11562,4
187,11570,6
188,11573,5
189,11588,7
190,11594,10
191,11601,7
192,11602,8
193,11611,10
194,11619,8
195,11624,2
196,11626,5
197,11650,9
198,11652,8
199,11661,7
200,11667,3
201,11685,3
202,11699,4
203,11702,8
204,11703,10
205,11706,10
206,11710,3
207,11715,3
208,11718,10
209,11722,10
210,11726,1
211,11734,3
212,11737,2
213,11766,4
214,11780,7
215,11784,4
216,11785,1
217,11799,7
218,11806,7
219,11811,2
220,11815,8
221,11816,9
222,11841,1
223,11870,1
224,11873,3
225,11877,6
226,11902,3
227,11903,10
228,11908,7
229,11911,4
230,11918,3
231,11938,10
232,11948,9
233,11952,2
234,11959,1
235,11965,1
236,11985,9
237,11996,3
238,11997,7
239,11998,2
240,12009,8
241,12018,10
242,12027,2
243,12058,10
244,12065,10
245,12081,6
246,12102,7
247,12103,7
248,12128,10
249,12133,3
250,12135,9
251,12154,8
252,12171,4
253,12183,10
254,12185,6
255,12192,4
256,12217,8
257,12229,3
258,12230,4
259,12234,8
260,12260,3
261,12318,4
262,12368,7
263,12376,4
264,12377,10
265,12398,8
266,12414,6
267,12423,4
268,12441,7
269,12451,3
270,12453,8
271,12461,10
272,12466,8
273,12468,6
274,12471,3
275,12472,7
276,12473,9
277,12492,9
278,12494,3
279,12500,8
280,12503,5
281,12506,6
282,12507,1
283,12512,5
284,12516,7
285,12526,1
286,12532,5
287,12537,3
288,12544,10
289,12545,8
290,12546,1
291,12548,3
292,12551,6
293,12570,2
294,12575,3
295,12593,4
296,12605,7
297,12632,10
298,12657,10
299,12668,1
300,12672,7
301,12680,10
302,12681,8
303,12702,7
304,12735,10
305,12737,2
306,12747,6
307,12756,3
308,12758,8
309,12762,8
310,12795,2
311,12809,3
312,12817,2
313,12825,10
314,12836,9
315,12856,7
316,12863,10
317,12872,2
318,12898,3
319,12910,3
320,12931,10
321,12943,7
322,13000,6
323,13003,8
324,13007,3
325,13021,7
326,13024,3
327,13035,10
328,13048,10
329,13051,10
330,13054,3
331,13071,3
332,13073,6
333,13081,2
334,13097,3
335,13104,10
336,13123,1
337,13127,4
338,13143,9
339,13144,3
340,13172,7
341,13184,4
342,13185,7
343,13190,1
344,13191,4
345,13199,3
346,13215,8
347,13226,1
348,13253,2
349,13258,6
350,13274,4
351,13318,4
352,13336,2
353,13346,7
354,13362,3
355,13371,6
356,13395,7
357,13397,10
358,13399,3
359,13423,3
360,13427,10
361,13430,5
362,13453,10
363,13459,2
364,13483,4
365,13491,7
366,13533,2
367,13558,3
368,13561,4
369,13562,1
370,13575,3
371,13593,10
372,13619,8
373,13620,9
374,13622,2
375,13623,2
376,13624,8
377,13625,3
378,13640,10
379,13662,6
380,13674,7
381,13689,8
382,13695,10
383,13697,10
384,13698,2
385,13699,6
386,13729,10
387,13745,2
388,13749,2
389,13752,1
390,13761,2
391,13783,4
392,13799,10
393,13811,5
394,13823,10
395,13825,4
396,13831,3
397,13841,6
398,13854,1
399,13856,4
400,13858,7
401,13870,4
402,13877,8
403,13882,1
404,13883,10
405,13900,4
406,13913,4
407,13918,4
408,13959,5
409,13961,4
410,13965,3
411,14004,7
412,14016,10
413,14024,1
414,14028,1
415,14030,10
416,14032,1
417,14049,7
418,14085,8
419,14092,10
420,14093,7
421,14095,1
422,14096,7
423,14098,7
424,14099,10
425,14122,4
426,14132,6
427,14139,9
428,14157,9
429,14158,10
430,14160,3
431,14165,3
432,14169,1
433,14185,1
434,14197,2
435,14202,8
436,14204,6
437,14207,10
438,14209,5
439,14229,7
440,14234,4
441,14237,8
442,14238,4
443,14239,3
444,14240,3
445,14245,8
446,14253,9
447,14270,8
448,14293,10
449,14305,8
450,14318,5
451,14333,2
452,14336,10
453,14342,3
454,14343,7
455,14344,6
456,14366,4
457,14369,7
458,14379,5
459,14381,4
460,14401,1
461,14403,6
462,14407,5
463,14408,3
464,14410,10
465,14419,10
466,14435,7
467,14437,3
468,14451,1
469,14468,9
470,14472,1
471,14473,5
472,14474,1
473,14475,7
474,14483,5
475,14486,3
476,14498,7
477,14522,4
478,14524,6
479,14534,6
480,14536,9
481,14537,6
482,14557,3
483,14559,10
484,14563,10
485,14566,7
486,14592,3
487,14594,6
488,14596,3
489,14600,7
490,14613,5
491,14622,6
492,14635,4
493,14636,10
494,14640,3
495,14643,5
496,14647,3
497,14656,8
498,14658,10
499,14666,5
500,14672,5
501,14676,7
502,14678,7
503,14688,4
504,14694,9
505,14709,2
506,14716,7
507,14730,1
508,14732,1
509,14735,1
510,14796,4
511,14802,7
512,14816,5
513,14828,8
514,14839,10
515,14846,10
516,14853,8
517,14854,5
518,14866,10
519,14885,9
520,14926,9
521,14932,10
522,14938,3
523,14946,4
524,14965,3
525,14978,4
526,14985,6
527,14991,1
528,15026,2
529,15057,9
530,15074,8
531,15079,8
532,15114,8
533,15123,6
534,15126,10
535,15133,4
536,15142,6
537,15163,10
538,15172,3
539,15176,10
540,15182,4
541,15187,10
542,15188,6
543,15195,3
544,15202,9
545,15219,2
546,15220,3
547,15248,2
548,15255,10
549,15258,5
550,15282,7
551,15290,6
552,15315,10
553,15319,3
554,15322,8
555,15339,9
556,15342,3
557,15347,8
558,15363,10
559,15367,3
560,15368,2
561,15380,1
562,15400,3
563,15441,4
564,15442,7
565,15446,2
566,15456,1
567,15460,2
568,15461,8
569,15464,10
570,15476,7
571,15479,10
572,15495,3
573,15526,8
574,15569,10
575,15574,7
576,15578,1
577,15579,10
578,15585,4
579,15628,5
580,15678,7
581,15716,3
582,15718,8
583,15749,10
584,15764,6
585,15768,4
586,15771,7
587,15816,6
588,15827,6
589,15833,10
590,15863,3
591,15879,3
592,15883,7
593,15898,1
594,15903,1
595,15942,2
596,15944,5
597,15971,3
598,16007,2
599,16020,8
600,16022,3
601,16024,7
602,16080,3
603,16085,3
604,16090,3
605,16142,3
606,16201,5
607,16216,3
608,16225,7
609,16233,3
610,16238,3
611,16257,4
612,16273,7
613,16281,2
614,16287,6
615,16293,1
616,16295,7
617,16297,3
618,16307,7
619,16344,7
620,16355,8
621,16371,7
622,16388,4
623,16402,7
624,16407,8
625,16426,3
626,16443,1
627,16448,1
628,16490,3
629,16495,10
630,16508,8
631,16511,8
632,16520,8
633,16522,10
634,16578,3
635,16586,2
636,16608,4
637,16617,10
638,16641,6
639,16647,4
640,16649,4
641,16653,3
642,16659,2
643,16669,9
644,16672,10
645,16677,10
646,16679,10
647,16689,6
648,16692,2
649,16696,4
650,16708,9
651,16710,5
652,16711,5
653,16718,1
654,16720,10
655,16725,7
656,16734,2
657,16741,8
658,16755,3
659,16763,9
660,16772,10
661,16773,8
662,16776,1
663,16778,4
664,16779,7
665,16794,3
666,16795,8
667,16799,3
668,16800,3
669,16802,6
670,16803,4
671,16807,10
672,16808,10
673,16810,3
674,16813,7
675,16814,6
676,16817,10
677,16823,1
678,16842,7
679,16845,2
680,16847,5
681,16848,7
682,16855,8
683,16860,7
684,16876,10
685,16878,10
686,16892,8
687,16895,5
688,16898,5
689,16923,7
690,16936,7
691,16940,3
692,16948,7
693,16949,9
694,16961,10
695,16968,2
696,16970,9
697,16975,5
698,16976,2
699,16979,9
700,16986,10
701,16992,3
702,17009,10
703,17011,10
704,17038,7
705,17039,4
706,17047,4
707,17062,6
708,17064,7
709,17069,7
710,17071,1
711,17073,6
712,17077,3
713,17078,9
714,17087,8
715,17094,10
716,17100,2
717,17116,6
718,17117,6
719,17122,8
720,17136,10
721,17144,3
722,17145,10
723,17151,8
724,17154,4
725,17155,1
726,17167,7
727,17171,8
728,17198,10
729,17199,2
730,17230,7
731,17233,3
732,17242,7
733,17265,4
734,17281,3
735,17288,10
736,17297,9
737,17310,5
738,17347,3
739,17352,3
740,17353,8
741,17376,2
742,17396,9
743,17401,7
744,17434,5
745,17451,8
746,17455,1
747,17456,2
748,17457,1
749,17485,1
750,17518,10
751,17543,8
752,17557,3
753,17573,10
754,17578,8
755,17579,9
756,17582,7
757,17583,8
758,17585,3
759,17586,7
760,17610,8
761,17614,5
762,17615,10
763,17630,10
764,17664,7
765,17689,3
766,17691,10
767,17727,5
768,17728,8
769,17798,3
770,17815,3
771,17841,8
772,17844,3
773,17862,9
774,17865,5
775,17873,4
776,17888,2
777,17904,10
778,17906,5
779,17910,3
780,17916,4
781,17918,9
782,17931,3
783,17935,3
784,17952,3
785,17980,7
786,17983,7
787,17986,3
788,17990,1
789,18021,7
790,18024,8
791,18028,5
792,18045,1
793,18049,1
794,18059,3
795,18060,10
796,18063,4
797,18075,5
798,18076,8
799,18084,8
800,18109,10
801,18117,10
802,18137,3
803,18156,1
804,18164,3
805,18198,10
806,18203,6
807,18261,4
808,18275,7
809,18319,7
810,18326,7
811,18337,7
812,18341,5
813,18353,7
814,18362,10
815,18384,6
816,18391,8
817,18400,3
818,18409,10
819,18410,5
820,18434,7
821,18436,9
822,18441,2
823,18442,2
824,18455,3
825,18477,8
826,18483,3
827,18487,3
828,18508,9
829,18529,8
830,18544,3
831,18549,8
832,18563,6
833,18570,3
834,18575,5
835,18606,8
836,18608,3
837,18614,3
838,18619,5
839,18620,7
840,18648,10
841,18673,3
842,18681,4
843,18700,9
844,18755,3
845,18759,10
846,18766,7
847,18782,5
848,18789,2
849,18794,10
850,18805,4
851,18817,9
852,18830,3
853,18854,9
854,18868,8
855,18878,9
856,18884,10
857,18924,5
858,18939,9
859,18945,6
860,18968,1
861,18974,2
862,18989,1
863,18996,10
864,19009,1
865,19011,3
866,19043,3
867,19058,1
868,19062,5
869,19084,3
870,19131,7
871,19152,10
872,19170,2
873,19187,2
874,19209,1
875,19216,10
876,19220,9
877,19222,6
878,19236,10
879,19239,4
880,19245,2
881,19246,1
882,19250,2
883,19251,8
884,19257,9
885,19263,10
886,19276,7
887,19286,4
888,19287,6
889,19299,3
890,19300,9
891,19302,3
892,19305,8
893,19313,3
894,19314,7
895,19318,7
896,19320,3
897,19329,3
898,19330,9
899,19334,4
900,19339,8
901,19354,10
902,19355,10
903,19369,7
904,19371,10
905,19374,10
906,19391,8
907,19392,3
908,19397,10
909,19406,9
910,19423,7
911,19437,6
912,19447,3
913,19454,3
914,19469,3
915,19478,9
916,19490,2
917,19492,7
918,19496,1
919,19497,8
920,19509,2
921,19522,3
922,19547,10
923,19559,10
924,19592,7
925,19600,3
926,19607,1
927,19633,8
928,19662,3
929,19677,10
930,19687,3
931,19690,8
932,19698,8
933,19702,7
934,19704,6
935,19722,10
936,19760,5
937,19769,2
938,19804,5
939,19854,8
940,19870,3
941,19878,8
942,19891,8
943,19915,7
944,19920,10
945,19948,10
946,19959,3
947,19998,3
948,20025,10
949,20044,3
950,20055,3
951,20065,4
952,20067,10
953,20093,8
954,20094,2
955,20097,7
956,20122,4
957,20128,10
958,20134,3
959,20137,3
960,20147,10
961,20151,10
962,20178,4
963,20201,4
964,20202,8
965,20212,3
966,20213,1
967,20220,8
968,20222,2
969,20227,3
970,20231,10
971,20286,10
972,20304,8
973,20321,9
974,20330,7
975,20382,8
976,20392,5
977,20413,9
978,20421,10
979,20440,3
980,20473,8
981,20494,6
982,20514,10
983,20523,2
984,20530,3
985,20533,5
986,20536,3
987,20544,1
988,20550,10
989,20551,8
990,20573,1
991,20581,5
992,20583,5
993,20585,7
994,20590,9
995,20596,7
996,20600,8
997,20615,8
998,20617,10
999,20630,7
1000,20643,6
1001,20645,2
1002,20660,2
1003,20691,10
1004,20715,2
1005,20737,3
1006,20749,2
1007,20755,3
1008,20807,10
1009,20851,7
1010,20886,3
1011,20892,3
1012,20916,1
1013,20930,10
1014,20937,10
1015,21016,1
1016,21040,4
1017,21046,10
1018,21065,1
1019,21070,10
1020,21075,7
1021,21080,8
1022,21086,4
1023,21089,10
1024,21096,1
1025,21104,8
1026,21105,8
1027,21115,1
1028,21119,4
1029,21128,6
1030,21130,2
1031,21153,9
1032,21169,10
1033,21181,1
1034,21186,8
1035,21188,3
1036,21191,7
1037,21196,1
1038,21197,8
1039,21206,3
1040,21209,4
1041,21212,8
1042,21218,7
1043,21221,4
1044,21222,7
1045,21227,1
1046,21237,7
1047,21285,10
1048,21288,7
1049,21295,6
1050,21297,9
1051,21299,10
1052,21304,5
1053,21311,9
1054,21366,9
1055,21389,4
1056,21392,3
1057,21409,8
1058,21429,7
1059,21434,1
1060,21439,7
1061,21441,3
1062,21444,1
1063,21462,4
1064,21470,3
1065,21477,3
1066,21480,6
1067,21482,8
1068,21486,2
1069,21493,4
1070,21494,5
1071,21498,10
1072,21501,4
1073,21508,8
1074,21531,8
1075,21549,10
1076,21554,6
1077,21578,10
1078,21589,10
1079,21630,10
1080,21633,8
1081,21645,1
1082,21662,2
1083,21664,7
1084,21668,2
1085,21677,10
1086,21693,3
1087,21703,5
1088,21706,4
1089,21723,7
1090,21725,7
1091,21726,4
1092,21740,10
1093,21741,3
1094,21751,6
1095,21754,3
1096,21758,7
1097,21760,6
1098,21768,4
1099,21777,4
1100,21801,2
1101,21804,6
1102,21846,7
1103,21862,3
1104,21863,1
1105,21875,5
1106,21879,8
1107,21900,6
1108,21917,3
1109,21925,8
1110,21930,8
1111,21945,1
1112,21974,1
1113,22026,1
1114,22072,4
1115,22114,6
1116,22136,8
1117,22144,10
1118,22147,3
1119,22152,1
1120,22163,2
1121,22208,7
1122,22209,3
1123,22219,4
1124,22226,7
1125,22241,8
1126,22243,7
1127,22252,10
1128,22260,6
1129,22310,7
1130,22319,10
1131,22329,6
1132,22336,2
1133,22337,1
1134,22340,5
1135,22345,10
1136,22377,3
1137,22380,1
1138,22411,1
1139,22439,1
1140,22440,10
1141,22442,7
1142,22461,4
1143,22472,4
1144,22478,8
1145,22482,3
1146,22487,6
1147,22515,3
1148,22530,9
1149,22578,10
1150,22594,6
1151,22603,10
1152,22612,8
1153,22650,3
1154,22651,5
1155,22656,10
1156,22658,10
1157,22666,3
1158,22675,7
1159,22687,3
1160,22696,3
1161,22700,4
1162,22703,1
1163,22704,3
1164,22709,5
1165,22717,1
1166,22724,7
1167,22736,10
1168,22739,7
1169,22748,8
1170,22759,4
1171,22762,4
1172,22781,10
1173,22785,8
1174,22801,8
1175,22803,10
1176,22807,7
1177,22816,3
1178,22826,6
1179,22833,7
1180,22848,5
1181,22871,8
1182,22872,9
1183,22884,4
1184,22892,6
1185,22901,7
1186,22908,4
1187,22940,10
1188,22946,3
1189,22951,4
1190,22965,1
1191,22973,10
1192,22974,6
1193,22977,8
1194,22980,4
1195,22984,3
1196,22993,3
1197,23005,7
1198,23021,6
1199,23031,7
1200,23035,10
1201,23046,2
1202,23064,1
1203,23092,8
1204,23102,6
1205,23109,2
1206,23114,10
1207,23115,1
1208,23124,5
1209,23127,8
1210,23131,3
1211,23151,5
1212,23157,5
1213,23173,7
1214,23177,10
1215,23187,7
1216,23197,4
1217,23218,1
1218,23229,10
1219,23239,10
1220,23246,3
1221,23277,3
1222,23293,4
1223,23295,10
1224,23324,3
1225,23325,4
1226,23331,5
1227,23347,4
1228,23351,7
1229,23355,9
1230,23357,7
1231,23368,7
1232,23376,3
1233,23378,9
1234,23380,10
1235,23383,3
1236,23386,2
1237,23389,5
1238,23390,10
1239,23393,2
1240,23407,10
1241,23417,10
1242,23419,4
1243,23429,10
1244,23432,10
1245,23433,10
1246,23434,10
1247,23437,2
1248,23458,10
1249,23465,3
1250,23492,6
1251,23504,4
1252,23528,8
1253,23543,10
1254,23546,7
1255,23554,4
1256,23556,7
1257,23594,3
1258,23603,8
1259,23612,10
1260,23613,8
1261,23614,2
1262,23620,10
1263,23626,4
1264,23632,3
1265,23643,3
1266,23644,6
1267,23646,4
1268,23647,3
1269,23648,1
1270,23676,4
1271,23678,2
1272,23679,2
1273,23685,8
1274,23713,8
1275,23726,3
1276,23762,8
1277,23767,3
1278,23770,3
1279,23790,7
1280,23806,3
1281,23809,4
1282,23822,4
1283,23866,6
1284,23867,4
1285,23881,10
1286,23904,10
1287,23905,5
1288,23908,4
1289,23913,8
1290,23918,10
1291,23920,2
1292,23926,5
1293,23940,10
1294,23943,6
1295,23947,2
1296,23949,10
1297,23952,10
1298,23961,3
1299,23979,5
1300,23982,3
1301,23986,5
1302,23987,2
1303,23992,4
1304,23993,10
1305,24000,3
1306,24017,4
1307,24020,8
1308,24042,10
1309,24048,10
1310,24049,5
1311,24050,1
1312,24065,8
1313,24068,6
1314,24073,7
1315,24079,8
1316,24091,5
1317,24099,7
1318,24100,7
1319,24123,4
1320,24187,7
1321,24212,3
1322,24223,6
1323,24227,5
1324,24228,2
1325,24253,7
1326,24256,8
1327,24261,3
1328,24264,7
1329,24272,7
1330,24279,3
1331,24280,8
1332,24285,5
1333,24300,8
1334,24334,10
1335,24351,2
1336,24372,6
1337,24388,1
1338,24393,3
1339,24399,10
1340,24415,6
1341,24433,9
1342,24461,3
1343,24477,10
1344,24481,3
1345,24495,3
1346,24496,7
1347,24512,5
1348,24520,2
1349,24575,10
1350,24591,7
1351,24601,2
1352,24611,6
1353,24629,2
1354,24696,1
1355,24711,3
1356,24787,8
1357,24860,4
1358,24878,8
1359,24922,4
1360,24929,4
1361,24938,10
1362,24963,8
1363,24974,8
1364,24995,3
1365,25002,10
1366,25014,5
1367,25028,5
1368,25038,3
1369,25041,1
1370,25042,5
1371,25045,1
1372,25056,9
1373,25059,10
1374,25062,3
1375,25064,5
1376,25065,4
1377,25077,10
1378,25078,10
1379,25106,5
1380,25112,3
1381,25120,10
1382,25128,3
1383,25137,3
1384,25164,5
1385,25174,3
1386,25186,7
1387,25187,1
1388,25190,7
1389,25199,2
1390,25230,10
1391,25242,3
1392,25245,10
1393,25246,7
1394,25248,10
1395,25253,1
1396,25260,2
1397,25263,4
1398,25300,1
1399,25328,3
1400,25333,8
1401,25344,3
1402,25359,3
1403,25361,4
1404,25368,7
1405,25372,10
1406,25381,2
1407,25382,7
1408,25387,10
1409,25403,7
1410,25408,7
1411,25432,8
1412,25436,5
1413,25439,2
1414,25440,6
1415,25446,10
1416,25453,3
1417,25470,8
1418,25491,3
1419,25493,10
1420,25495,7
1421,25497,10
1422,25521,10
1423,25522,3
1424,25542,1
1425,25543,10
1426,25544,3
1427,25550,3
1428,25562,6
1429,25571,7
1430,25588,2
1431,25600,6
1432,25610,10
1433,25615,8
1434,25619,2
1435,25625,7
1436,25633,3
1437,25635,3
1438,25640,3
1439,25642,3
1440,25648,8
1441,25655,1
1442,25675,3
1443,25676,8
1444,25718,3
1445,25765,7
1446,25770,4
1447,25772,3
1448,25779,8
1449,25793,3
1450,25812,3
1451,25813,3
1452,25839,8
1453,25844,10
1454,25846,3
1455,25847,10
1456,25869,10
1457,25895,9
1458,25898,7
1459,25899,3
1460,25904,4
1461,25917,9
1462,25925,3
1463,25933,10
1464,25936,6
1465,25940,10
1466,25944,10
1467,25949,4
1468,25958,1
1469,25960,3
1470,25968,4
1471,25970,1
1472,25973,5
1473,25986,3
1474,26009,7
1475,26013,7
1476,26019,3
1477,26038,2
1478,26048,8
1479,26052,3
1480,26061,8
1481,26062,10
1482,26069,1
1483,26070,8
1484,26074,9
1485,26076,8
1486,26077,1
1487,26078,3
1488,26097,10
1489,26110,10
1490,26121,3
1491,26138,7
1492,26139,8
1493,26143,10
1494,26146,8
1495,26167,4
1496,26168,10
1497,26170,4
1498,26171,10
1499,26177,10
1500,26178,1
1501,26203,8
1502,26208,7
1503,26214,5
1504,26222,10
1505,26235,5
1506,26240,10
1507,26244,7
1508,26248,7
1509,26249,3
1510,26252,2
1511,26263,8
1512,26267,3
1513,26296,8
1514,26301,10
1515,26302,2
1516,26319,5
1517,26323,5
1518,26326,7
1519,26330,5
1520,26335,2
1521,26346,3
1522,26358,8
1523,26363,7
1524,26367,5
1525,26369,7
1526,26372,5
1527,26378,3
1528,26384,9
1529,26388,1
1530,26391,1
1531,26393,4
1532,26400,3
1533,26401,8
1534,26412,2
1535,26420,2
1536,26440,10
1537,26452,2
1538,26453,10
1539,26454,7
1540,26458,7
1541,26467,7
1542,26474,7
1543,26504,10
1544,26534,5
1545,26552,7
1546,26554,10
1547,26567,7
1548,26570,6
1549,26576,2
1550,26598,4
1551,26600,10
1552,26615,4
1553,26617,1
1554,26623,10
1555,26625,2
1556,26628,9
1557,26634,5
1558,26646,10
1559,26649,7
1560,26653,2
1561,26659,1
1562,26666,2
1563,26668,2
1564,26678,10
1565,26680,5
1566,26681,10
1567,26682,8
1568,26686,9
1569,26703,9
1570,26706,7
1571,26708,9
1572,26711,3
1573,26718,9
1574,26725,5
1575,26740,6
1576,26742,4
1577,26744,3
1578,26746,7
1579,26753,6
1580,26756,6
1581,26757,10
1582,26762,6
1583,26765,10
1584,26766,3
1585,26772,4
1586,26777,3
1587,26797,2
1588,26798,2
1589,26799,10
1590,26828,10
1591,26832,7
1592,26837,9
1593,26864,3
1594,26870,7
1595,26871,7
1596,26875,7
1597,26884,5
1598,26887,3
1599,26889,2
1600,26904,6
1601,26913,7
1602,26923,1
1603,26930,2
1604,26938,10
1605,26940,6
1606,26951,7
1607,26971,3
1608,26975,8
1609,26984,7
1610,26986,7
1611,26992,2
1612,26997,3
1613,27005,6
1614,27014,7
1615,27019,10
1616,27036,10
1617,27056,3
1618,27094,2
1619,27100,3
1620,27105,1
1621,27119,7
1622,27134,6
1623,27136,5
1624,27138,9
1625,27204,7
1626,27216,4
1627,27224,1
1628,27228,8
1629,27244,10
1630,27273,7
1631,27274,1
1632,27305,10
1633,27316,3
1634,27319,3
1635,27343,5
1636,27345,10
1637,27350,7
1638,27353,7
1639,27386,3
1640,27401,7
1641,27429,4
1642,27447,8
1643,27478,2
1644,27510,4
1645,27527,10
1646,27551,3
1647,27558,7
1648,27561,1
1649,27580,6
1650,27586,9
1651,27589,5
1652,27594,3
1653,27616,10
1654,27619,6
1655,27621,6
1656,27623,7
1657,27625,5
1658,27671,4
1659,27696,8
1660,27712,4
1661,27730,8
1662,27739,8
1663,27753,5
1664,27772,3
1665,27777,4
1666,27785,8
1667,27792,9
1668,27793,7
1669,27805,2
1670,27807,3
1671,27825,1
1672,27905,5
1673,27935,3
1674,27939,1
1675,27947,5
1676,27949,6
1677,27952,2
1678,27970,6
1679,27975,8
1680,27982,4
1681,28007,1
1682,28028,4
1683,28040,1
1684,28093,3
1685,28106,2
1686,28142,6
1687,28172,10
1688,28193,3
1689,28194,1
1690,28203,1
1691,28206,6
1692,28214,3
1693,28234,10
1694,28241,3
1695,28254,9
1696,28260,5
1697,28263,3
1698,28267,3
1699,28307,10
1700,28310,7
1701,28350,7
1702,28352,7
1703,28362,10
1704,28365,7
1705,28375,3
1706,28382,1
1707,28397,8
1708,28425,3
1709,28430,9
1710,28433,5
1711,28434,4
1712,28439,8
1713,28445,10
1714,28446,5
1715,28447,8
1716,28448,7
1717,28450,10
1718,28453,8
1719,28459,7
1720,28463,3
1721,28470,2
1722,28478,7
1723,28480,1
1724,28481,8
1725,28488,1
1726,28500,8
1727,28507,2
1728,28514,5
1729,28517,3
1730,28522,10
1731,28525,10
1732,28526,10
1733,28527,4
1734,28531,3
1735,28541,6
1736,28546,10
1737,28548,7
1738,28552,10
1739,28553,1
1740,28581,8
1741,28582,7
1742,28583,8
1743,28590,7
1744,28608,7
1745,28618,2
1746,28625,3
1747,28681,3
1748,28688,2
1749,28689,7
1750,28695,5
1751,28701,4
1752,28706,6
1753,28707,10
1754,28768,10
1755,28781,9
1756,28794,8
1757,28804,6
1758,28805,8
1759,28819,7
1760,28823,4
1761,28826,7
1762,28829,8
1763,28833,7
1764,28838,10
1765,28845,7
1766,28852,10
1767,28853,8
1768,28859,10
1769,28874,10
1770,28883,1
1771,28898,6
1772,28900,4
1773,28919,3
1774,28924,2
1775,28926,5
1776,28934,8
1777,28976,5
1778,28988,9
1779,28990,3
1780,29030,8
1781,29035,4
1782,29036,7
1783,29037,2
1784,29049,2
1785,29060,3
1786,29067,10
1787,29071,4
1788,29103,1
1789,29120,3
1790,29122,6
1791,29129,3
1792,29144,10
1793,29182,1
1794,29183,3
1795,29193,3
1796,29208,6
1797,29209,5
1798,29215,7
1799,29233,7
1800,29236,6
1801,29247,4
1802,29248,1
1803,29251,6
1804,29271,2
1805,29278,10
1806,29318,1
1807,29346,3
1808,29350,2
1809,29377,5
1810,29393,4
1811,29405,8
1812,29407,7
1813,29415,2
1814,29421,10
1815,29437,7
1816,29440,2
1817,29459,7
1818,29467,9
1819,29471,8
1820,29491,10
1821,29495,3
1822,29527,1
1823,29529,10
1824,29533,5
1825,29566,7
1826,29570,9
1827,29577,2
1828,29578,2
1829,29582,1
1830,29585,10
1831,29586,8
1832,29593,3
1833,29595,4
1834,29596,5
1835,29602,3
1836,29606,4
1837,29613,5
1838,29617,7
1839,29618,7
1840,29620,8
1841,29628,1
1842,29630,3
1843,29632,3
1844,29638,8
1845,29640,7
1846,29663,10
1847,29666,7
1848,29672,5
1849,29674,7
1850,29681,8
1851,29688,3
1852,29693,3
1853,29704,6
1854,29705,3
1855,29713,6
1856,29718,10
1857,29721,2
1858,29724,10
1859,29734,3
1860,29737,8
1861,29738,10
1862,29745,3
1863,29753,3
1864,29759,4
1865,29771,5
1866,29772,10
1867,29779,7
1868,29784,4
1869,29791,10
1870,29804,7
1871,29808,4
1872,29813,4
1873,29821,6
1874,29823,3
1875,29826,5
1876,29848,10
1877,29850,8
1878,29852,2
1879,29856,8
1880,29866,7
1881,29880,7
1882,29890,6
1883,29895,5
1884,29897,2
1885,29900,8
1886,29906,3
1887,29936,7
1888,29945,1
1889,29979,8
1890,29982,8
1891,29983,8
1892,30026,10
1893,30028,4
1894,30035,8
1895,30039,4
1896,30041,8
1897,30044,7
1898,30045,3
1899,30061,6
1900,30067,8
1901,30073,3
1902,30082,3
1903,30098,3
1904,30106,3
1905,30109,3
1906,30124,7
1907,30134,1
1908,30147,8
1909,30153,1
1910,30155,8
1911,30165,3
1912,30179,10
1913,30184,3
1914,30189,6
1915,30218,10
1916,30221,7
1917,30262,10
1918,30270,10
1919,30277,10
1920,30291,9
1921,30306,7
1922,30310,10
1923,30341,1
1924,30343,8
1925,30346,10
1926,30348,10
1927,30359,8
1928,30361,10
1929,30367,3
1930,30373,3
1931,30383,6
1932,30388,3
1933,30389,7
1934,30396,2
1935,30407,2
1936,30414,7
1937,30416,1
1938,30425,4
1939,30434,7
1940,30439,7
1941,30442,3
1942,30443,2
1943,30444,3
1944,30449,4
1945,30463,2
1946,30467,6
1947,30471,4
1948,30475,4
1949,30483,4
1950,30488,6
1951,30489,4
1952,30495,2
1953,30531,8
1954,30532,10
1955,30548,7
1956,30551,3
1957,30563,8
1958,30570,7
1959,30573,2
1960,30576,9
1961,30581,4
1962,30582,3
1963,30589,10
1964,30593,2
1965,30595,3
1966,30598,2
1967,30604,7
1968,30606,10
1969,30641,8
1970,30644,9
1971,30654,10
1972,30661,7
1973,30673,3
1974,30690,3
1975,30696,9
1976,30702,3
1977,30706,10
1978,30719,10
1979,30720,4
1980,30721,3
1981,30728,3
1982,30730,7
1983,30731,4
1984,30746,7
1985,30748,8
1986,30754,3
1987,30765,2
1988,30774,7
1989,30783,8
1990,30784,2
1991,30805,8
1992,30811,8
1993,30823,3
1994,30825,2
1995,30842,7
1996,30845,4
1997,30848,10
1998,30850,2
1999,30858,1
2000,30863,8
2001,30881,1
2002,30890,10
2003,30891,7
2004,30913,3
2005,30916,6
2006,30917,10
2007,30929,3
2008,30931,2
2009,30954,7
2010,30963,2
2011,30966,1
2012,30972,10
2013,30981,2
2014,30985,8
2015,30986,3
2016,30997,3
2017,31011,10
2018,31016,7
2019,31032,5
2020,31036,7
2021,31046,1
2022,31049,3
2023,31050,10
2024,31052,8
2025,31060,9
2026,31063,7
2027,31066,3
2028,31070,5
2029,31092,1
2030,31099,2
2031,31103,3
2032,31114,3
2033,31130,1
2034,31134,1
2035,31152,10
2036,31161,4
2037,31179,6
2038,31185,3
2039,31190,4
2040,31191,7
2041,31195,7
2042,31212,4
2043,31215,1
2044,31229,2
2045,31236,3
2046,31241,8
2047,31244,6
2048,31246,3
2049,31297,3
2050,31307,6
2051,31308,6
2052,31314,3
2053,31317,3
2054,31348,7
2055,31358,2
2056,31372,6
2057,31379,9
2058,31383,8
2059,31406,7
2060,31420,10
2061,31430,3
2062,31456,7
2063,31490,2
2064,31505,6
2065,31512,5
2066,31513,3
2067,31548,7
2068,31552,8
2069,31555,5
2070,31573,4
2071,31574,8
2072,31591,6
2073,31597,6
2074,31612,3
2075,31622,8
2076,31631,10
2077,31632,1
2078,31642,4
2079,31651,8
2080,31653,8
2081,31663,3
2082,31667,1
2083,31676,8
2084,31686,7
2085,31693,7
2086,31695,2
2087,31699,10
2088,31701,7
2089,31705,8
2090,31719,10
2091,31720,2
2092,31773,3
2093,31789,2
2094,31798,7
2095,31799,3
2096,31847,10
2097,31853,7
2098,31859,10
2099,31873,8
2100,31875,1
2101,31880,5
2102,31895,6
2103,31904,3
2104,31908,4
2105,31911,7
2106,31919,4
2107,31921,4
2108,31935,3
2109,31950,10
2110,31952,1
2111,31958,8
2112,31969,7
2113,31973,3
2114,31979,7
2115,31984,1
2116,31988,6
2117,31996,8
2118,32004,3
2119,32012,3
2120,32017,3
2121,32025,7
2122,32039,9
2123,32043,7
2124,32046,3
2125,32047,1
2126,32051,1
2127,32055,10
2128,32067,6
2129,32070,8
2130,32076,2
2131,32100,8
2132,32102,8
2133,32106,7
2134,32117,2
2135,32121,9
2136,32132,2
2137,32138,9
2138,32144,3
2139,32153,10
2140,32159,8
2141,32168,3
2142,32174,10
2143,32203,2
2144,32225,2
2145,32229,2
2146,32232,1
2147,32241,6
2148,32242,4
2149,32275,3
2150,32285,4
2151,32290,4
2152,32297,3
2153,32298,1
2154,32330,3
2155,32334,5
2156,32337,4
2157,32343,5
2158,32345,7
2159,32346,7
2160,32369,10
2161,32376,3
2162,32392,7
2163,32426,1
2164,32440,3
2165,32449,7
2166,32451,10
2167,32458,2
2168,32461,4
2169,32475,8
2170,32477,1
2171,32478,3
2172,32484,3
2173,32507,4
2174,32522,10
2175,32638,3
2176,32649,4
2177,32650,3
2178,32685,9
2179,32712,2
2180,32717,10
2181,32718,3
2182,32734,3
2183,32772,5
2184,32791,1
2185,32844,7
2186,32877,1
2187,32939,9
2188,32975,5
2189,33020,4
2190,33033,10
2191,33068,1
2192,33089,6
2193,33140,10
2194,33153,1
2195,33232,4
2196,33259,6
2197,33273,1
2198,33274,6
2199,33294,3
2200,33323,3
2201,33340,3
2202,33348,7
2203,33357,8
2204,33358,3
2205,33394,8
2206,33396,1
2207,33410,10
2208,33424,6
2209,33425,7
2210,33433,2
2211,33450,10
2212,33475,7
2213,33477,3
2214,33503,1
2215,33517,4
2216,33525,1
2217,33527,1
2218,33539,1
2219,33543,10
2220,33559,1
2221,33568,9
2222,33580,3
2223,33595,8
2224,33598,8
2225,33605,5
2226,33611,8
2227,33622,6
2228,33628,3
2229,33632,7
2230,33636,3
2231,33643,4
2232,33646,6
2233,33650,6
2234,33668,10
2235,33676,6
2236,33694,10
2237,33707,3
2238,33735,8
2239,33757,7
2240,33760,5
2241,33786,7
2242,33787,3
2243,33811,4
2244,33812,3
2245,33846,10
2246,33852,6
2247,33856,4
2248,33857,5
2249,33859,1
2250,33861,7
2251,33874,7
2252,33898,3
2253,33914,10
2254,33915,8
2255,33923,8
2256,33925,6
2257,33926,3
2258,33937,9
2259,33941,10
2260,33942,1
2261,33953,5
2262,33973,10
2263,33976,8
2264,33985,10
2265,33990,3
2266,33996,10
2267,33997,10
2268,34048,5
2269,34066,3
2270,34072,3
2271,34075,7
2272,34102,2
2273,34124,10
2274,34134,1
2275,34159,7
2276,34192,10
2277,34216,3
2278,34219,6
2279,34224,7
2280,34225,7
2281,34230,3
2282,34234,9
2283,34237,1
2284,34245,10
2285,34253,4
2286,34263,2
2287,34269,2
2288,34303,7
2289,34308,10
2290,34312,2
2291,34335,1
2292,34358,6
2293,34361,10
2294,34373,10
2295,34375,10
2296,34401,8
2297,34415,7
2298,34419,5
2299,34429,2
2300,34432,10
2301,34433,5
2302,34441,7
2303,34450,10
2304,34463,6
2305,34466,4
2306,34476,3
2307,34489,1
2308,34494,5
2309,34504,9
2310,34508,7
2311,34516,7
2312,34543,9
2313,34545,4
2314,34546,10
2315,34566,2
2316,34583,8
2317,34596,3
2318,34601,7
2319,34622,9
2320,34634,5
2321,34638,9
2322,34641,8
2323,34651,8
2324,34654,2
2325,34658,8
2326,34665,7
2327,34676,8
2328,34685,7
2329,34692,7
2330,34700,2
2331,34706,3
2332,34718,6
2333,34723,7
2334,34725,3
2335,34747,10
2336,34756,3
2337,34758,3
2338,34779,3
2339,34803,3
2340,34807,10
2341,34810,3
2342,34829,8
2343,34840,1
2344,34846,3
2345,34851,4
2346,34857,10
2347,34869,1
2348,34873,4
2349,34874,2
2350,34880,1
2351,34881,10
2352,34887,4
2353,34888,8
2354,34890,10
2355,34892,10
2356,34893,3
2357,34912,7
2358,34915,7
2359,34917,6
2360,34920,1
2361,34938,10
2362,34945,6
2363,34948,10
2364,34953,3
2365,34959,8
2366,34961,3
2367,34975,7
2368,34978,3
2369,34979,8
2370,34980,7
2371,34984,4
2372,34995,2
2373,35008,10
2374,35011,3
2375,35037,10
2376,35062,1
2377,35069,1
2378,35072,3
2379,35073,7
2380,35077,7
2381,35081,10
2382,35091,10
2383,35102,3
2384,35104,7
2385,35128,9
2386,35143,10
2387,35144,1
2388,35147,9
2389,35156,10
2390,35157,10
2391,35168,4
2392,35170,10
2393,35189,9
2394,35198,2
2395,35201,4
2396,35208,6
2397,35218,10
2398,35222,5
2399,35223,4
2400,35228,10
2401,35235,8
2402,35238,4
2403,35239,3
2404,35253,10
2405,35270,2
2406,35271,7
2407,35275,1
2408,35282,4
2409,35288,10
2410,35300,3
2411,35311,10
2412,35323,4
2413,35329,3
2414,35343,10
2415,35353,8
2416,35355,10
2417,35360,8
2418,35369,6
2419,35371,9
2420,35374,7
2421,35375,8
2422,35378,7
2423,35382,8
2424,35405,8
2425,35406,1
2426,35411,3
2427,35425,3
2428,35436,9
2429,35438,8
2430,35443,6
2431,35450,6
2432,35454,10
2433,35456,1
2434,35470,5
2435,35480,10
2436,35482,3
2437,35499,2
2438,35502,10
2439,35518,10
2440,35530,6
2441,35536,9
2442,35546,6
2443,35554,6
2444,35561,10
2445,35566,7
2446,35575,10
2447,35589,4
2448,35611,7
2449,35618,4
2450,35622,1
2451,35633,3
2452,35637,8
2453,35643,1
2454,35654,3
2455,35660,7
2456,35662,10
2457,35706,8
2458,35707,6
2459,35709,10
2460,35711,5
2461,35720,7
2462,35722,10
2463,35724,7
2464,35728,7
2465,35736,7
2466,35743,6
2467,35745,3
2468,35769,2
2469,35786,4
2470,35789,7
2471,35797,4
2472,35808,7
2473,35842,4
2474,35847,7
2475,35851,7
2476,35852,3
2477,35853,4
2478,35869,10
2479,35888,4
2480,35892,8
2481,35913,7
2482,35926,3
2483,35927,4
2484,35931,9
2485,35950,2
2486,35958,2
2487,35971,6
2488,35973,6
2489,35978,3
2490,35990,7
2491,36023,8
2492,36029,5
2493,36034,8
2494,36046,7
2495,36061,3
2496,36071,5
2497,36076,6
2498,36092,7
2499,36099,8
2500,36106,9
2501,36114,5
2502,36122,3
2503,36134,9
2504,36153,10
2505,36154,8
2506,36161,7
2507,36167,3
2508,36187,9
2509,36206,7
2510,36211,3
2511,36221,6
2512,36260,3
2513,36263,6
2514,36267,10
2515,36272,7
2516,36296,6
2517,36301,2
2518,36306,10
2519,36313,5
2520,36333,7
2521,36389,9
2522,36393,9
2523,36396,10
2524,36399,10
2525,36405,10
2526,36410,2
2527,36412,6
2528,36418,3
2529,36424,8
2530,36428,6
2531,36429,10
2532,36457,9
2533,36466,7
2534,36472,8
2535,36477,10
2536,36499,10
2537,36500,5
2538,36504,3
2539,36514,2
2540,36531,5
2541,36539,10
2542,36544,2
2543,36545,10
2544,36550,10
2545,36556,8
2546,36569,9
2547,36571,3
2548,36575,7
2549,36579,5
2550,36580,9
2551,36584,2
2552,36588,3
2553,36602,4
2554,36604,4
2555,36630,4
2556,36633,9
2557,36636,1
2558,36649,10
2559,36653,8
2560,36656,6
2561,36657,7
2562,36659,7
2563,36667,3
2564,36668,4
2565,36679,4
2566,36685,6
2567,36694,8
2568,36701,4
2569,36720,7
2570,36725,7
2571,36742,7
2572,36747,9
2573,36758,4
2574,36769,7
2575,36775,9
2576,36781,3
2577,36782,3
2578,36788,7
2579,36793,9
2580,36805,7
2581,36815,2
2582,36825,3
2583,36843,8
2584,36855,6
2585,36868,2
2586,36876,4
2587,36882,7
2588,36886,3
2589,36891,3
2590,36897,7
2591,36902,4
2592,36907,2
2593,36918,3
2594,36932,10
2595,36937,2
2596,36939,10
2597,36941,7
2598,36956,9
2599,36973,3
2600,36977,3
2601,36991,7
2602,36994,10
2603,36999,3
2604,37013,7
2605,37014,10
2606,37016,7
2607,37018,2
2608,37020,5
2609,37046,10
2610,37063,8
2611,37064,7
2612,37069,3
2613,37091,7
2614,37113,7
2615,37114,10
2616,37127,3
2617,37129,3
2618,37149,10
2619,37158,3
2620,37166,7
2621,37168,9
2622,37182,7
2623,37193,3
2624,37194,9
2625,37233,8
2626,37240,4
2627,37242,10
2628,37248,10
2629,37258,6
2630,37259,3
2631,37304,7
2632,37306,3
2633,37327,8
2634,37329,5
2635,37336,10
2636,37337,6
2637,37354,8
2638,37358,10
2639,37360,6
2640,37370,3
2641,37411,8
2642,37413,7
2643,37417,10
2644,37419,3
2645,37420,6
2646,37435,4
2647,37437,1
2648,37451,9
2649,37487,1
2650,37490,2
2651,37495,1
2652,37502,10
2653,37505,10
2654,37512,7
2655,37516,4
2656,37541,3
2657,37542,3
2658,37551,3
2659,37557,6
2660,37564,10
2661,37573,8
2662,37575,2
2663,37586,8
2664,37590,1
2665,37593,9
2666,37597,10
2667,37605,2
2668,37609,2
2669,37617,3
2670,37624,10
2671,37626,9
2672,37629,9
2673,37631,1
2674,37639,10
2675,37642,1
2676,37654,10
2677,37655,10
2678,37661,7
2679,37690,10
2680,37698,8
2681,37702,3
2682,37709,7
2683,37728,8
2684,37743,7
2685,37745,1
2686,37752,3
2687,37756,3
2688,37764,4
2689,37770,10
2690,37781,10
2691,37809,8
2692,37828,8
2693,37847,6
2694,37864,3
2695,37898,7
2696,37938,8
2697,37945,9
2698,37962,2
2699,37970,2
2700,37988,3
2701,38017,10
2702,38029,5
2703,38034,10
2704,38035,2
2705,38051,2
2706,38055,10
2707,38056,4
2708,38067,5
2709,38075,4
2710,38076,3
2711,38080,8
2712,38088,6
2713,38100,4
2714,38109,2
2715,38127,3
2716,38133,2
2717,38149,7
2718,38151,7
2719,38156,3
2720,38162,10
2721,38170,5
2722,38302,3
2723,38329,3
2724,38331,8
2725,38332,8
2726,38339,10
2727,38340,7
2728,38349,3
2729,38360,10
2730,38398,4
2731,38399,10
2732,38403,4
2733,38436,3
2734,38454,1
2735,38467,9
2736,38469,10
2737,38480,6
2738,38487,4
2739,38488,10
2740,38526,2
2741,38540,6
2742,38545,4
2743,38572,3
2744,38634,2
2745,38650,3
2746,38651,1
2747,38660,6
2748,38668,7
2749,38679,10
2750,38682,5
2751,38687,7
2752,38706,7
2753,38707,10
2754,38708,3
2755,38709,5
2756,38710,10
2757,38718,10
2758,38749,4
2759,38758,8
2760,38761,10
2761,38764,10
2762,38804,6
2763,38823,10
2764,38883,2
2765,38889,5
2766,38891,5
2767,38923,4
2768,38924,9
2769,38929,6
2770,38936,3
2771,38943,4
2772,38950,4
2773,38958,4
2774,38981,3
2775,38985,10
2776,38986,2
2777,38993,4
2778,38994,10
2779,38996,3
2780,38998,8
2781,38999,8
2782,39001,8
2783,39003,3
2784,39004,4
2785,39008,8
2786,39009,2
2787,39011,10
2788,39024,4
2789,39028,2
2790,39032,8
2791,39036,8
2792,39046,1
2793,39047,7
2794,39048,4
2795,39053,10
2796,39056,4
2797,39058,7
2798,39059,6
2799,39061,2
2800,39069,9
2801,39082,7
2802,39088,3
2803,39115,4
2804,39119,6
2805,39120,7
2806,39155,10
2807,39170,3
2808,39173,4
2809,39186,10
2810,39197,2
2811,39209,5
2812,39215,4
2813,39216,10
2814,39218,9
2815,39227,3
2816,39234,2
2817,39246,8
2818,39249,2
2819,39256,6
2820,39258,5
2821,39273,6
2822,39276,8
2823,39286,10
2824,39288,4
2825,39300,8
2826,39304,4
2827,39307,2
2828,39316,7
2829,39326,10
2830,39334,6
2831,39340,7
2832,39347,6
2833,39357,10
2834,39361,4
2835,39364,10
2836,39369,8
2837,39373,1
2838,39381,3
2839,39406,9
2840,39407,10
2841,39410,8
2842,39412,10
2843,39435,8
2844,39441,4
2845,39451,3
2846,39457,5
2847,39482,8
2848,39515,10
2849,39518,3
2850,39519,3
2851,39525,9
2852,39528,7
2853,39529,3
2854,39535,3
2855,39547,10
2856,39563,8
2857,39575,10
2858,39596,10
2859,39599,1
2860,39601,2
2861,39606,10
2862,39616,7
2863,39621,10
2864,39627,4
2865,39638,5
2866,39664,3
2867,39673,1
2868,39675,10
2869,39686,5
2870,39689,8
2871,39699,1
2872,39700,8
2873,39704,6
2874,39718,8
2875,39727,2
2876,39729,1
2877,39731,8
2878,39732,2
2879,39736,4
2880,39738,10
2881,39747,3
2882,39753,6
2883,39758,3
2884,39771,10
2885,39775,2
2886,39789,6
2887,39791,7
2888,39794,10
2889,39797,8
2890,39802,7
2891,39810,8
2892,39815,3
2893,39826,10
2894,39831,1
2895,39834,9
2896,39841,4
2897,39844,1
2898,39862,2
2899,39870,10
2900,39871,2
2901,39895,6
2902,39913,2
2903,39921,3
2904,39924,2
2905,39939,4
2906,39953,4
2907,39956,8
2908,39957,3
2909,39968,2
2910,39973,8
2911,39978,8
2912,39979,5
2913,39982,6
2914,39991,4
2915,39993,10
2916,39994,7
2917,39999,8
2918,40014,10
2919,40025,1
2920,40039,9
2921,40041,6
2922,40042,3
2923,40047,8
2924,40060,8
2925,40061,5
2926,40070,3
2927,40080,6
2928,40094,4
2929,40095,10
2930,40100,7
2931,40101,2
2932,40104,3
2933,40106,3
2934,40108,3
2935,40111,10
2936,40118,2
2937,40120,6
2938,40134,1
2939,40142,4
2940,40144,10
2941,40151,10
2942,40165,2
2943,40171,3
2944,40179,8
2945,40185,3
2946,40196,8
2947,40198,7
2948,40202,6
2949,40204,9
2950,40205,3
2951,40211,8
2952,40218,3
2953,40240,4
2954,40241,8
2955,40242,3
2956,40246,7
2957,40255,3
2958,40261,7
2959,40266,3
2960,40272,10
2961,40290,8
2962,40292,6
2963,40297,6
2964,40302,4
2965,40303,10
2966,40304,6
2967,40306,7
2968,40318,10
2969,40329,6
2970,40334,5
2971,40335,10
2972,40352,10
2973,40361,4
2974,40369,4
2975,40376,2
2976,40380,8
2977,40385,3
2978,40387,10
2979,40388,7
2980,40401,5
2981,40407,10
2982,40413,1
2983,40448,6
2984,40452,3
2985,40455,2
2986,40472,8
2987,40474,7
2988,40493,2
2989,40495,2
2990,40509,5
2991,40510,6
2992,40518,1
2993,40531,3
2994,40533,9
2995,40546,6
2996,40562,10
2997,40574,9
2998,40584,2
2999,40596,7
3000,40598,6
3001,40600,3
3002,40606,10
3003,40621,2
3004,40626,2
3005,40642,1
3006,40647,7
3007,40650,8
3008,40660,4
3009,40666,7
3010,40667,10
3011,40675,7
3012,40686,10
3013,40687,9
3014,40698,10
3015,40701,1
3016,40704,1
3017,40705,7
3018,40710,4
3019,40732,3
3020,40733,3
3021,40747,9
3022,40755,6
3023,40757,10
3024,40773,3
3025,40776,6
3026,40779,1
3027,40794,6
3028,40804,8
3029,40819,5
3030,40820,8
3031,40821,2
3032,40866,1
3033,40870,10
3034,40877,3
3035,40879,10
3036,40891,4
3037,40903,3
3038,40915,3
3039,40919,9
3040,40920,7
3041,40926,7
3042,40935,3
3043,40938,5
3044,40947,2
3045,40954,10
3046,40958,10
3047,40962,9
3048,40972,9
3049,40973,4
3050,40980,4
3051,40986,1
3052,40988,10
3053,41042,4
3054,41059,10
3055,41065,3
3056,41066,7
3057,41075,3
3058,41086,9
3059,41120,3
3060,41122,10
3061,41124,1
3062,41126,10
3063,41133,6
3064,41139,7
3065,41141,3
3066,41142,7
3067,41149,8
3068,41156,7
3069,41162,10
3070,41197,10
3071,41199,3
3072,41200,8
3073,41204,10
3074,41205,1
3075,41211,7
3076,41221,4
3077,41224,1
3078,41233,8
3079,41235,5
3080,41252,4
3081,41257,6
3082,41265,4
3083,41272,7
3084,41281,3
3085,41283,5
3086,41301,4
3087,41326,10
3088,41327,4
3089,41347,1
3090,41348,3
3091,41361,3
3092,41364,2
3093,41367,1
3094,41392,1
3095,41406,2
3096,41409,7
3097,41427,7
3098,41434,3
3099,41437,5
3100,41440,7
3101,41451,10
3102,41455,4
3103,41456,4
3104,41469,2
3105,41478,7
3106,41481,7
3107,41483,1
3108,41485,10
3109,41496,6
3110,41505,7
3111,41511,7
3112,41515,3
3113,41549,10
3114,41552,10
3115,41558,7
3116,41567,10
3117,41585,5
3118,41595,10
3119,41602,10
3120,41603,3
3121,41608,10
3122,41628,7
3123,41633,3
3124,41648,3
3125,41661,1
3126,41674,8
3127,41685,4
3128,41691,10
3129,41694,3
3130,41722,4
3131,41727,1
3132,41733,5
3133,41735,3
3134,41742,4
3135,41744,7
3136,41752,8
3137,41768,1
3138,41810,8
3139,41821,7
3140,41824,7
3141,41825,8
3142,41832,5
3143,41836,10
3144,41837,9
3145,41839,4
3146,41844,10
3147,41848,8
3148,41851,3
3149,41853,8
3150,41860,3
3151,41871,7
3152,41883,3
3153,41888,10
3154,41897,7
3155,41908,3
3156,41912,9
3157,41914,8
3158,41915,1
3159,41927,4
3160,41932,1
3161,41942,4
3162,41943,3
3163,41944,3
3164,41948,10
3165,41949,4
3166,41952,10
3167,41954,3
3168,41956,1
3169,41964,5
3170,41965,3
3171,41967,7
3172,41972,10
3173,41982,8
3174,41987,1
3175,41992,1
3176,41995,3
3177,41997,10
3178,42003,7
3179,42004,6
3180,42026,8
3181,42030,7
3182,42034,3
3183,42037,7
3184,42041,3
3185,42049,3
3186,42050,3
3187,42055,3
3188,42061,3
3189,42063,10
3190,42067,3
3191,42071,2
3192,42072,9
3193,42086,9
3194,42088,2
3195,42096,1
3196,42097,3
3197,42103,6
3198,42106,1
3199,42108,3
3200,42110,4
3201,42125,10
3202,42131,7
3203,42133,1
3204,42135,3
3205,42136,6
3206,42149,3
3207,42152,8
3208,42154,8
3209,42155,7
3210,42157,9
3211,42175,3
3212,42184,3
3213,42187,9
3214,42189,3
3215,42195,1
3216,42200,10
3217,42204,10
3218,42219,8
3219,42224,10
3220,42236,6
3221,42246,9
3222,42249,10
3223,42251,2
3224,42254,6
3225,42258,8
3226,42275,6
3227,42276,2
3228,42285,7
3229,42295,3
3230,42299,9
3231,42301,3
3232,42314,6
3233,42320,3
3234,42326,2
3235,42328,3
3236,42335,6
3237,42338,1
3238,42346,3
3239,42353,10
3240,42364,3
3241,42366,3
3242,42369,7
3243,42378,4
3244,42380,4
3245,42384,5
3246,42387,8
3247,42391,3
3248,42395,5
3249,42402,8
3250,42403,1
3251,42405,3
3252,42409,3
3253,42417,8
3254,42422,8
3255,42427,1
3256,42431,9
3257,42432,8
3258,42433,7
3259,42436,2
3260,42445,7
3261,42447,3
3262,42457,2
3263,42469,3
3264,42474,1
3265,42475,8
3266,42477,1
3267,42480,7
3268,42481,3
3269,42485,7
3270,42487,4
3271,42489,4
3272,42491,10
3273,42501,7
3274,42518,10
3275,42525,6
3276,42534,6
3277,42535,2
3278,42546,10
3279,42547,3
3280,42548,10
3281,42551,3
3282,42557,3
3283,42568,4
3284,42574,3
3285,42580,3
3286,42581,1
3287,42593,5
3288,42595,9
3289,42597,10
3290,42607,10
3291,42612,3
3292,42613,3
3293,42620,3
3294,42621,9
3295,42627,5
3296,42628,2
3297,42632,7
3298,42634,10
3299,42638,10
3300,42641,2
3301,42646,2
3302,42653,10
3303,42656,4
3304,42664,7
3305,42665,4
3306,42666,4
3307,42691,7
3308,42693,8
3309,42695,8
3310,42701,7
3311,42702,3
3312,42706,10
3313,42712,1
3314,42713,3
3315,42731,8
3316,42738,1
3317,42742,10
3318,42744,10
3319,42762,10
3320,42771,9
3321,42777,8
3322,42779,1
3323,42790,8
3324,42792,3
3325,42795,7
3326,42796,8
3327,42802,8
3328,42805,7
3329,42808,3
3330,42823,6
3331,42831,10
3332,42835,8
3333,42843,4
3334,42847,3
3335,42866,7
3336,42867,6
3337,42869,10
3338,42876,7
3339,42879,2
3340,42899,5
3341,42920,10
3342,42924,3
3343,42925,1
3344,42932,1
3345,42933,4
3346,42937,4
3347,42938,10
3348,42951,4
3349,42960,3
3350,42972,4
3351,42979,8
3352,42985,7
3353,42990,10
3354,42991,1
3355,43004,4
3356,43011,4
3357,43013,7
3358,43014,2
3359,43020,3
3360,43028,10
3361,43039,1
3362,43042,6
3363,43044,7
3364,43046,10
3365,43054,5
3366,43057,8
3367,43064,6
3368,43067,3
3369,43068,6
3370,43079,8
3371,43086,3
3372,43092,3
3373,43122,2
3374,43126,8
3375,43127,3
3376,43136,10
3377,43150,5
3378,43151,2
3379,43154,7
3380,43160,7
3381,43169,7
3382,43172,8
3383,43185,3
3384,43186,3
3385,43187,10
3386,43203,3
3387,43206,4
3388,43217,8
3389,43219,3
3390,43223,2
3391,43236,3
3392,43239,4
3393,43248,4
3394,43251,7
3395,43261,10
3396,43262,10
3397,43268,10
3398,43275,1
3399,43288,10
3400,43290,3
3401,43298,6
3402,43317,10
3403,43337,3
3404,43345,10
3405,43380,1
3406,43384,7
3407,43392,10
3408,43398,10
3409,43407,10
3410,43411,2
3411,43416,7
3412,43417,10
3413,43418,3
3414,43427,5
3415,43430,10
3416,43431,8
3417,43436,3
3418,43437,10
3419,43453,10
3420,43459,7
3421,43469,7
3422,43482,2
3423,43486,8
3424,43490,8
3425,43499,10
3426,43516,1
3427,43523,3
3428,43527,3
3429,43528,3
3430,43536,10
3431,43547,3
3432,43550,8
3433,43551,10
3434,43552,3
3435,43553,7
3436,43557,10
3437,43559,6
3438,43560,3
3439,43563,8
3440,43567,10
3441,43568,6
3442,43574,4
3443,43578,5
3444,43584,7
3445,43591,3
3446,43593,7
3447,43604,10
3448,43607,10
3449,43613,1
3450,43620,4
3451,43627,9
3452,43640,3
3453,43645,10
3454,43663,4
3455,43666,10
3456,43670,8
3457,43671,10
3458,43675,2
3459,43685,1
3460,43696,2
3461,43697,7
3462,43699,3
3463,43703,8
3464,43706,3
3465,43709,3
3466,43714,3
3467,43732,10
3468,43737,3
3469,43743,5
3470,43744,2
3471,43748,1
3472,43757,4
3473,43759,7
3474,43767,7
3475,43773,2
3476,43780,3
3477,43782,4
3478,43792,5
3479,43808,3
3480,43811,4
3481,43813,7
3482,43815,7
3483,43818,4
3484,43824,1
3485,43825,3
3486,43828,7
3487,43830,10
3488,43831,7
3489,43832,5
3490,43837,3
3491,43840,7
3492,43850,3
3493,43851,3
3494,43853,3
3495,43859,6
3496,43875,8
3497,43877,3
3498,43891,5
3499,43901,1
3500,43902,3
3501,43903,1
3502,43914,8
3503,43915,2
3504,43931,10
3505,43933,7
3506,43937,10
3507,43945,3
3508,43946,3
3509,43947,3
3510,43949,4
3511,43951,5
3512,43952,8
3513,43965,10
3514,43967,4
3515,43981,8
3516,43983,7
3517,43994,3
3518,44003,3
3519,44007,3
3520,44008,3
3521,44009,6
3522,44016,4
3523,44018,3
3524,44022,4
3525,44031,3
3526,44035,10
3527,44038,3
3528,44042,2
3529,44047,9
3530,44048,1
3531,44065,3
3532,44068,10
3533,44069,9
3534,44076,3
3535,44081,3
3536,44092,8
3537,44098,3
3538,44107,2
3539,44117,8
3540,44121,7
3541,44123,3
3542,44127,4
3543,44129,8
3544,44131,3
3545,44144,5
3546,44148,3
3547,44153,2
3548,44161,10
3549,44167,3
3550,44176,7
3551,44179,7
3552,44185,6
3553,44187,9
3554,44190,3
3555,44194,3
3556,44203,1
3557,44204,3
3558,44209,8
3559,44216,1
3560,44219,4
3561,44222,10
3562,44223,1
3563,44225,3
3564,44231,1
3565,44235,10
3566,44237,3
3567,44241,7
3568,44244,6
3569,44245,10
3570,44260,8
3571,44261,10
3572,44262,2
3573,44263,5
3574,44266,1
3575,44268,10
3576,44270,3
3577,44273,3
3578,44276,2
3579,44279,10
3580,44283,3
3581,44285,10
3582,44286,3
3583,44290,10
3584,44291,3
3585,44293,8
3586,44300,3
3587,44301,1
3588,44303,3
3589,44306,3
3590,44310,1
3591,44313,10
3592,44315,3
3593,44319,10
3594,44320,3
3595,44324,1
3596,44327,7
3597,44331,3
3598,44332,6
3599,44341,10
3600,44343,3
3601,44350,4
3602,44351,4
3603,44352,3
3604,44353,4
3605,44358,1
3606,44359,7
3607,44361,5
3608,44362,6
3609,44364,3
3610,44365,8
3611,44366,3
3612,44368,1
3613,44370,3
3614,44373,3
3615,44376,10
3616,44377,3
3617,44379,3
3618,44380,3
3619,44382,3
3620,44384,1
3621,44387,3
3622,44389,1
3623,44391,2
3624,44392,10
3625,44394,3
3626,44395,1
3627,44398,4
3628,44401,9
3629,44402,7
3630,44411,6
3631,44419,2
3632,44424,3
3633,44426,6
3634,44428,3
3635,44432,10
3636,44438,1
3637,44443,3
3638,44448,3
3639,44449,3
3640,44453,2
3641,44460,3
3642,44465,6
3643,44470,7
3644,44471,2
3645,44472,10
3646,44474,3
3647,44476,3
3648,44480,3
3649,44486,2
3650,44489,2
3651,44495,4
3652,44500,3
3653,44503,2
3654,44507,2
3655,44509,3
3656,44510,2
3657,44514,3
3658,44516,3
3659,44529,3
3660,44530,4
3661,44531,3
3662,44534,2
3663,44535,3
3664,44537,3
3665,44538,10
3666,44543,6
3667,44544,4
3668,44551,6
3669,44553,8
3670,44554,9
3671,44555,10
3672,44557,3
3673,44561,10
3674,44563,3
3675,44564,3
3676,44565,7
3677,44566,6
3678,44568,2
3679,44571,3
3680,44573,6
3681,44579,4
3682,44580,3
3683,44583,3
3684,44585,6
3685,44587,10
3686,44589,6
3687,44590,3
3688,44595,10
3689,44596,3
3690,44600,6
3691,44601,8
3692,44602,3
3693,44604,9
3694,44606,8
3695,44607,3
3696,44610,7
3697,44612,4
3698,44613,3
3699,44615,5
3700,44621,10
3701,44624,3
3702,44625,2
3703,44626,10
3704,44634,3
3705,44635,6
3706,44638,3
3707,44648,7
3708,44652,3
3709,44653,2
3710,44654,5
3711,44655,6
3712,44656,3
3713,44661,2
3714,44662,6
3715,44665,10
3716,44666,3
3717,44667,6
3718,44668,4
3719,44669,4
3720,44671,6
3721,44672,2
3722,44675,4
3723,44677,2
3724,44678,2
3725,44679,3
3726,44683,7
3727,44685,6
3728,44691,2
3729,44692,3
3730,44693,3
3731,44694,4
3732,44702,10
3733,44704,4
3734,44709,3
3735,44711,4
3736,44712,2
3737,44713,4
3738,44715,4
3739,44716,3
3740,44717,7
3741,44723,10
3742,44724,3
3743,44725,2
3744,44729,4
3745,44730,4
3746,44739,10
3747,44740,4
3748,44741,3
3749,44747,4
3750,44750,5
3751,44752,3
3752,44753,3
3753,44755,3
3754,44756,3
3755,44759,10
3756,44760,10
3757,44761,2
3758,44762,3
3759,44766,2
3760,44767,3
3761,44770,2
3762,44772,4
3763,44775,2
3764,44776,2
3765,44777,3
3766,44781,3
3767,44785,4
3768,44789,3
3769,44791,9
3770,44792,4
3771,44794,7
3772,44795,3
3773,44796,9
3774,44797,3
3775,44798,3
3776,44799,3
3777,44800,4
3778,44802,10
3779,44812,4
3780,44813,4
3781,44817,3
3782,44818,4
3783,44824,10
3784,44827,4
3785,44830,4
3786,44839,3
3787,44841,2
3788,44842,2
3789,44843,2
3790,44844,4
3791,44845,3
3792,44847,10
3793,44854,10
3794,44855,3
3795,44859,10
3796,44861,3
3797,44871,3
3798,44872,3
3799,44876,7
3800,44879,3
3801,44882,7
3802,44884,3
3803,44889,3
3804,44891,10
3805,44894,7
3806,44895,3
3807,44901,10
3808,44903,10
3809,44915,7
3810,44917,3
3811,44922,3
3812,44924,7
3813,44935,7
3814,44937,10
3815,44938,10
3816,44939,7
3817,44945,10
3818,44950,3
3819,44957,10
3820,44961,7
3821,44963,7
3822,44966,3
3823,44968,10
3824,44972,3
3825,44984,10
3826,44985,3
3827,44988,10
3828,44989,3
3829,44997,7
3830,45000,3
3831,45002,7
3832,45005,7
3833,45010,7
3834,45018,3
3835,45022,3
3836,45023,7
3837,45026,7
3838,45035,9
3839,45039,7
3840,45041,7
3841,45047,10
3842,45051,7
3843,45052,3
3844,45054,9
3845,45061,3
3846,45062,3
3847,45067,9
3848,45068,7
3849,45072,3
3850,45076,7
3851,45077,3
3852,45079,7
3853,45089,3
3854,45090,9
3855,45092,7
3856,45093,7
3857,45096,3
3858,45101,10
3859,45102,9
3860,45105,7
3861,45108,3
3862,45111,9
3863,45116,3
3864,45118,7
3865,45120,9
3866,45131,10
3867,45136,10
3868,45138,10
3869,45144,3
3870,45145,9
3871,45149,7
3872,45150,3
3873,45151,10
3874,45157,10
3875,45159,7
3876,45171,10
3877,45177,7
3878,45180,3
3879,45182,3
3880,45186,7
3881,45193,10
3882,45195,7
3883,45196,3
3884,45202,3
3885,45203,7
3886,45204,3
3887,45207,7
3888,45210,3
3889,45211,3
3890,45214,7
3891,45215,3
3892,45216,7
3893,45218,7
3894,45219,7
3895,45222,3
3896,45225,7
3897,45226,10
3898,45228,7
3899,45229,7
3900,45230,3
3901,45231,10
3902,45238,3
3903,45239,10
3904,45243,10
3905,45246,10
3906,45249,7
3907,45250,7
3908,45257,7
3909,45261,7
3910,45262,7
3911,45266,3
3912,45267,10
3913,45273,10
3914,45280,10
3915,45284,10
3916,45289,3
3917,45290,7
3918,45293,10
3919,45294,3
3920,45295,7
3921,45296,10
3922,45297,10
3923,45301,3
3924,45302,7
3925,45304,7
3926,45310,9
3927,45311,7
3928,45313,10
3929,45315,7
3930,45317,9
3931,45321,3
3932,45329,7
3933,45339,10
3934,45341,3
3935,45344,10
3936,45346,7
3937,45347,3
3938,45348,10
3939,45351,10
3940,45355,10
3941,45357,7
3942,45359,7
3943,45360,7
3944,45362,3
3945,45363,7
3946,45365,9
3947,45366,7
3948,45370,10
3949,45371,3
3950,45375,10
3951,45378,3
3952,45380,3
3953,45381,3
3954,45382,7
3955,45385,9
3956,45386,7
3957,45387,10
3958,45393,7
3959,45396,7
3960,45400,9
3961,45402,10
3962,45404,10
3963,45406,3
3964,45410,10
3965,45415,7
3966,45416,10
3967,45417,9
3968,45418,3
3969,45419,10
3970,45421,3
3971,45422,10
3972,45425,10
3973,45426,3
3974,45431,10
3975,45437,3
3976,45442,7
3977,45443,9
3978,45446,10
3979,45447,10
3980,45449,7
3981,45454,3
3982,45455,10
3983,45458,10
3984,45459,10
3985,45461,10
3986,45462,10
3987,45463,3
3988,45467,10
3989,45469,10
3990,45472,7
3991,45473,3
3992,45475,3
3993,45477,10
3994,45478,10
3995,45483,3
3996,45488,10
3997,45490,7
3998,45494,3
3999,45496,3
4000,45501,10
4001,45508,3
4002,45513,3
4003,45515,10
4004,45520,7
4005,45527,10
4006,45528,3
4007,45531,7
4008,45532,7
4009,45534,3
4010,45539,10
4011,45540,7
4012,45544,3
4013,45547,3
4014,45551,10
4015,45553,3
4016,45558,3
4017,45563,10
4018,45570,3
4019,45573,3
4020,45575,3
4021,45578,3
4022,45582,3
4023,45585,10
4024,45586,10
4025,45588,10
4026,45592,7
4027,45593,7
4028,45597,10
4029,45603,3
4030,45605,10
4031,45611,7
4032,45618,10
4033,45630,7
4034,45632,7
4035,45637,7
4036,45644,3
4037,45646,7
4038,45650,7
4039,45652,10
4040,45653,10
4041,45655,3
4042,45661,3
4043,45662,10
4044,45666,3
4045,45669,3
4046,45672,10
4047,45674,3
4048,45677,7
4049,45681,7
4050,45683,7
4051,45684,7
4052,45686,9
4053,45687,10
4054,45688,7
4055,45689,7
4056,45695,3
4057,45701,7
4058,45703,7
4059,45707,7
4060,45711,7
4061,45720,3
4062,45722,7
4063,45723,3
4064,45724,7
4065,45728,7
4066,45729,3
4067,45741,7
4068,45743,10
4069,45746,7
4070,45747,3
4071,45749,7
4072,45753,9
4073,45754,7
4074,45756,3
4075,45764,7
4076,45765,3
4077,45766,7
4078,45767,7
4079,45769,3
4080,45770,7
4081,45771,10
4082,45777,3
4083,45781,9
4084,45784,7
4085,45787,3
4086,45798,7
4087,45800,7
4088,45805,10
4089,45809,7
4090,45810,3
4091,45811,7
4092,45812,3
4093,45819,7
4094,45820,7
4095,45821,10
4096,45826,7
4097,45828,7
4098,45832,10
4099,45833,10
4100,45835,3
4101,45843,10
4102,45845,7
4103,45847,3
4104,45849,10
4105,45850,3
4106,45852,7
4107,45856,7
4108,45857,7
4109,45861,9
4110,45863,7
4111,45864,7
4112,45867,7
4113,45868,10
4114,45872,3
4115,45873,3
4116,45874,7
4117,45878,9
4118,45882,9
4119,45884,7
4120,45886,3
4121,45889,7
4122,45890,10
4123,45911,3
4124,45913,10
4125,45920,10
4126,45927,3
4127,45930,10
4128,45932,9
4129,45933,10
4130,45935,3
4131,45939,10
4132,45941,10
4133,45942,10
4134,45944,10
4135,45946,10
4136,45947,10
4137,45958,3
4138,45959,9
4139,45962,3
4140,45963,3
4141,45964,9
4142,45965,3
4143,45966,10
4144,45967,3
4145,45974,10
4146,45981,3
4147,45983,3
4148,45991,9
4149,45995,10
4150,45997,10
4151,45999,9
4152,46002,10
4153,46005,3
4154,46012,10
4155,46018,10
4156,46019,9
4157,46020,3
4158,46025,3
4159,46026,10
4160,46031,3
4161,46042,3
4162,46046,3
4163,46047,10
4164,46048,3
4165,46050,3
4166,46055,10
4167,46057,10
4168,46058,10
4169,46060,10
4170,46065,3
4171,46067,3
4172,46068,10
4173,46070,3
4174,46071,10
4175,46073,3
4176,46074,10
4177,46077,10
4178,46083,3
4179,46085,10
4180,46086,3
4181,46088,10
4182,46090,10
4183,46093,3
4184,46102,10
4185,46110,9
4186,46119,9
4187,46121,3
4188,46123,10
4189,46124,9
4190,46129,10
4191,46130,10
4192,46135,9
4193,46139,10
4194,46140,9
4195,46144,10
4196,46147,10
4197,46154,10
4198,46161,10
4199,46164,10
4200,46165,10
4201,46166,10
4202,46169,3
4203,46172,10
4204,46181,10
4205,46188,3
4206,46192,3
4207,46195,9
4208,46202,9
4209,46206,10
4210,46209,3
4211,46217,9
4212,46224,10
4213,46226,10
4214,46227,3
4215,46228,3
4216,46229,10
4217,46231,10
4218,46237,3
4219,46239,3
4220,46249,10
4221,46252,9
4222,46255,3
4223,46264,10
4224,46267,3
4225,46270,3
4226,46275,3
4227,46281,9
4228,46291,3
4229,46300,10
4230,46305,9
4231,46308,10
4232,46311,3
4233,46312,10
4234,46317,3
4235,46318,9
4236,46319,3
4237,46320,3
4238,46321,9
4239,46324,10
4240,46325,3
4241,46327,3
4242,46328,10
4243,46334,3
4244,46335,10
4245,46336,3
4246,46338,3
4247,46339,9
4248,46347,3
4249,46349,3
4250,46350,10
4251,46351,10
4252,46352,3
4253,46357,3
4254,46358,10
4255,46359,10
4256,46361,3
4257,46366,10
4258,46367,10
4259,46369,9
4260,46370,10
4261,46373,9
4262,46374,3
4263,46376,10
4264,46378,3
4265,46379,10
4266,46382,10
4267,46384,10
4268,46386,10
4269,46387,10
4270,46389,10
4271,46390,9
4272,46391,9
4273,46392,9
4274,46393,3
4275,46394,10
4276,46395,10
4277,46399,10
4278,46400,10
4279,46401,3
4280,46403,10
4281,46405,10
4282,46407,3
4283,46408,9
4284,46409,9
4285,46410,3
4286,46413,3
4287,46414,3
4288,46416,3
4289,46417,10
4290,46419,10
4291,46420,3
4292,46421,10
4293,46425,10
4294,46426,10
4295,46427,10
4296,46428,10
4297,46434,3
4298,46436,10
4299,46438,10
4300,46439,10
4301,46441,3
4302,46442,10
4303,46445,10
4304,46449,3
4305,46450,10
4306,46455,3
4307,46456,10
4308,46457,10
4309,46458,10
4310,46459,3
4311,46461,3
4312,46463,10
4313,46470,3
4314,46475,3
4315,46476,3
4316,46479,10
4317,46481,3
4318,46484,3
4319,46485,10
4320,46487,10
4321,46489,10
4322,46490,10
4323,46491,9
4324,46492,10
4325,46493,3
4326,46494,3
4327,46496,9
4328,46502,10
4329,46503,10
4330,46505,9
4331,46506,3
4332,46510,3
4333,46511,3
4334,46518,10
4335,46522,10
4336,46527,3
4337,46533,10
4338,46534,10
4339,46538,10
4340,46541,9
4341,46543,10
4342,46545,10
4343,46546,10
4344,46547,10
4345,46548,10
4346,46551,9
4347,46553,3
4348,46557,10
4349,46558,10
4350,46561,10
4351,46563,10
4352,46566,9
4353,46568,10
4354,46571,10
4355,46573,10
4356,46576,10
4357,46578,3
4358,46582,10
4359,46587,10
4360,46589,3
4361,46593,9
4362,46600,3
4363,46608,9
4364,46611,10
4365,46615,3
4366,46618,10
4367,46623,10
4368,46625,3
4369,46627,10
4370,46633,10
4371,46635,3
4372,46638,3
4373,46639,10
4374,46643,10
4375,46644,3
4376,46647,10
4377,46648,9
4378,46653,10
4379,46658,9
4380,46660,3
4381,46661,10
4382,46665,10
4383,46666,10
4384,46668,10
4385,46669,9
4386,46670,9
4387,46673,10
4388,46674,9
4389,46676,3
4390,46686,10
4391,46687,3
4392,46691,3
4393,46692,3
4394,46696,3
4395,46702,10
4396,46705,9
4397,46707,10
4398,46708,10
4399,46710,3
4400,46712,9
4401,46714,10
4402,46715,3
4403,46717,10
4404,46720,9
4405,46721,10
4406,46728,10
4407,46730,9
4408,46732,9
4409,46740,10
4410,46743,10
4411,46745,10
4412,46749,10
4413,46752,3
4414,46756,9
4415,46760,9
4416,46761,3
4417,46762,10
4418,46768,10
4419,46778,9
4420,46779,9
4421,46785,10
4422,46786,10
4423,46796,10
4424,46799,9
4425,46804,3
4426,46805,10
4427,46810,9
4428,46815,9
4429,46816,10
4430,46817,9
4431,46823,9
4432,46824,9
4433,46825,3
4434,46829,9
4435,46830,3
4436,46832,3
4437,46833,9
4438,46834,9
4439,46840,3
4440,46844,3
4441,46847,10
4442,46853,10
4443,46854,3
4444,46861,9
4445,46864,9
4446,46865,9
4447,46870,3
4448,46873,3
4449,46878,9
4450,46880,9
4451,46882,9
4452,46886,9
4453,46887,9
4454,46895,9
4455,46900,9
4456,46903,3
4457,46906,9
4458,46911,3
4459,46916,9
4460,46920,9
4461,46921,3
4462,46934,10
4463,46937,9
4464,46940,3
4465,46946,10
4466,46947,10
4467,46948,9
4468,46963,9
4469,46964,10
4470,46966,10
4471,46968,3
4472,46984,9
4473,46986,9
4474,46988,10
4475,46992,9
4476,46993,10
4477,46994,10
4478,46999,3
4479,47001,9
4480,47002,10
4481,47009,9
4482,47018,9
4483,47019,10
4484,47022,10
4485,47031,9
4486,47032,9
4487,47033,10
4488,47035,9
4489,47043,9
4490,47044,9
4491,47045,3
4492,47047,10
4493,47054,9
4494,47057,10
4495,47058,3
4496,47059,9
4497,47067,3
4498,47068,10
4499,47073,10
4500,47074,3
4501,47077,3
4502,47078,10
4503,47080,9
4504,47084,10
4505,47087,10
4506,47088,9
4507,47111,9
4508,47112,9
4509,47114,9
4510,47115,10
4511,47116,3
4512,47129,3
